{"layers":[{"ddd":0,"ind":3,"ty":5,"nm":"  LVverrast.nl","cl":"nl","sr":1,"ks":{"o":{"a":1,"k":[{"i":{"x":[0.833],"y":[0.833]},"o":{"x":[0.167],"y":[0.167]},"t":150,"s":[0]},{"t":159,"s":[100]}],"ix":11},"r":{"a":0,"k":0,"ix":10},"p":{"a":0,"k":[165.279,101.92,0],"ix":2,"l":2},"a":{"a":0,"k":[-5.584,-30.054,0],"ix":1,"l":2},"s":{"a":0,"k":[41.512,41.512,100],"ix":6,"l":2}},"ao":0,"t":{"d":{"k":[{"s":{"sz":[1528,254],"ps":[-764,-127],"s":100,"f":"GalanoGrotesque-Bold","t":" \rLVverrast.nl","ca":0,"j":2,"tr":0,"lh":120.000007629395,"ls":0,"fc":[1,1,1]},"t":0}]},"p":{},"m":{"g":1,"a":{"a":0,"k":[0,0],"ix":2}},"a":[]},"ip":150.2,"op":262,"st":-61,"bm":0,"id":"b8f6och6v5"},{"ddd":0,"ind":4,"ty":5,"nm":"Ga naar","sr":1,"ks":{"o":{"a":1,"k":[{"i":{"x":[0.833],"y":[0.833]},"o":{"x":[0.167],"y":[0.167]},"t":150,"s":[0]},{"t":159,"s":[100]}],"ix":11},"r":{"a":0,"k":0,"ix":10},"p":{"a":0,"k":[165.279,101.92,0],"ix":2,"l":2},"a":{"a":0,"k":[-5.584,-30.054,0],"ix":1,"l":2},"s":{"a":0,"k":[41.512,41.512,100],"ix":6,"l":2}},"ao":0,"t":{"d":{"k":[{"s":{"sz":[1528,254],"ps":[-764,-127],"s":100,"f":"GalanoGrotesque-Regular","t":"Ga naar","ca":0,"j":2,"tr":0,"lh":120.000007629395,"ls":0,"fc":[1,1,1]},"t":0}]},"p":{},"m":{"g":1,"a":{"a":0,"k":[0,0],"ix":2}},"a":[]},"ip":150.2,"op":262,"st":-61,"bm":0,"id":"28bubcv5j6"}],"assets":null}