{"v":"5.9.0","fr":30,"ip":0,"op":260,"w":728,"h":90,"nm":"728x90","ddd":0,"assets":[{"id":"image_0","w":728,"h":90,"u":"images/","p":"img_0.png","e":0},{"id":"comp_0","nm":"LV-logo-animatie","fr":25,"layers":[{"ddd":0,"ind":1,"ty":4,"nm":"lv-campagne-logo-rgb-06 Outlines","sr":1,"ks":{"o":{"a":0,"k":100,"ix":11},"r":{"a":0,"k":0,"ix":10},"p":{"a":1,"k":[{"i":{"x":0.833,"y":0.833},"o":{"x":0.167,"y":0.167},"t":40.8,"s":[3288,4024,0],"to":[0,0,0],"ti":[0,0,0]},{"t":60,"s":[1912,1912,0]}],"ix":2,"l":2},"a":{"a":0,"k":[1920,1920,0],"ix":1,"l":2},"s":{"a":1,"k":[{"i":{"x":[0.833,0.833,0.833],"y":[0.833,0.833,0.833]},"o":{"x":[0.167,0.167,0.167],"y":[0.167,0.167,0.167]},"t":40.8,"s":[200,200,100]},{"t":60,"s":[100,100,100]}],"ix":6,"l":2}},"ao":0,"shapes":[{"ty":"gr","it":[{"ind":0,"ty":"sh","ix":1,"ks":{"a":0,"k":{"i":[[0,0],[0,0],[0,0],[0,0],[0,0],[0,0],[0,0],[0,0],[0,0],[0,0]],"o":[[0,0],[0,0],[0,0],[0,0],[0,0],[0,0],[0,0],[0,0],[0,0],[0,0]],"v":[[73.235,62.33],[45.105,65.15],[-33.145,-7.65],[-24.885,72.36],[-58.995,75.87],[-73.235,-62.33],[-44.925,-65.32],[33.495,10.11],[25.055,-72.36],[58.815,-75.87]],"c":true},"ix":2},"nm":"Path 1","mn":"ADBE Vector Shape - Group","hd":false},{"ty":"fl","c":{"a":0,"k":[0,0.011764706112,0.333333343267,1],"ix":4},"o":{"a":0,"k":100,"ix":5},"r":1,"bm":0,"nm":"Fill 1","mn":"ADBE Vector Graphic - Fill","hd":false},{"ty":"tr","p":{"a":0,"k":[2475.225,1987.01],"ix":2},"a":{"a":0,"k":[0,0],"ix":1},"s":{"a":0,"k":[100,100],"ix":3},"r":{"a":0,"k":0,"ix":6},"o":{"a":0,"k":100,"ix":7},"sk":{"a":0,"k":0,"ix":4},"sa":{"a":0,"k":0,"ix":5},"nm":"Transform"}],"nm":"Group 1","np":2,"cix":2,"bm":0,"ix":1,"mn":"ADBE Vector Group","hd":false},{"ty":"gr","it":[{"ind":0,"ty":"sh","ix":1,"ks":{"a":0,"k":{"i":[[0,0],[0,0],[0,0],[0,0],[0,0],[0,0],[0,0],[0,0],[0,0],[0,0],[0,0],[0,0]],"o":[[0,0],[0,0],[0,0],[0,0],[0,0],[0,0],[0,0],[0,0],[0,0],[0,0],[0,0],[0,0]],"v":[[61.015,63.565],[-46.775,74.645],[-61.015,-63.565],[46.065,-74.645],[49.055,-45.275],[-24.095,-37.715],[-21.455,-11.695],[45.535,-18.555],[48.355,9.055],[-18.645,15.915],[-16.005,41.935],[57.675,34.375]],"c":true},"ix":2},"nm":"Path 1","mn":"ADBE Vector Shape - Group","hd":false},{"ty":"fl","c":{"a":0,"k":[0,0.011764706112,0.333333343267,1],"ix":4},"o":{"a":0,"k":100,"ix":5},"r":1,"bm":0,"nm":"Fill 1","mn":"ADBE Vector Graphic - Fill","hd":false},{"ty":"tr","p":{"a":0,"k":[2334.115,2001.605],"ix":2},"a":{"a":0,"k":[0,0],"ix":1},"s":{"a":0,"k":[100,100],"ix":3},"r":{"a":0,"k":0,"ix":6},"o":{"a":0,"k":100,"ix":7},"sk":{"a":0,"k":0,"ix":4},"sa":{"a":0,"k":0,"ix":5},"nm":"Transform"}],"nm":"Group 2","np":2,"cix":2,"bm":0,"ix":2,"mn":"ADBE Vector Group","hd":false},{"ty":"gr","it":[{"ind":0,"ty":"sh","ix":1,"ks":{"a":0,"k":{"i":[[-7.74,-24.62],[0,0],[11.08,-1.23],[-0.88,-7.91],[-8.79,-0.88],[0,0],[-2.29,-21.98],[30.77,-3.17],[6.51,26.73],[0,0],[-13.89,1.41],[0.88,8.44],[10.2,1.06],[0,0],[2.64,25.14],[-32.53,3.34]],"o":[[0,0],[-3.87,-12.66],[-11.43,1.23],[0.53,5.63],[0,0],[24.44,2.98],[2.99,29.55],[-31.13,3.16],[0,0],[4.93,13.89],[12.84,-1.23],[-0.7,-6.16],[0,0],[-20.22,-2.46],[-2.81,-26.91],[29.89,-2.99]],"v":[[51.61,-38.15],[18.9,-27.96],[-7.3,-44.84],[-24.36,-28.84],[-12.05,-18.46],[17.32,-14.94],[59.52,21.45],[7.12,72.1],[-57.59,36.4],[-23.13,26.03],[6.24,43.61],[25.23,27.26],[11.16,16.35],[-18.38,13.19],[-59.7,-23.03],[-9.41,-72.27]],"c":true},"ix":2},"nm":"Path 1","mn":"ADBE Vector Shape - Group","hd":false},{"ty":"fl","c":{"a":0,"k":[0,0.011764706112,0.333333343267,1],"ix":4},"o":{"a":0,"k":100,"ix":5},"r":1,"bm":0,"nm":"Fill 1","mn":"ADBE Vector Graphic - Fill","hd":false},{"ty":"tr","p":{"a":0,"k":[2203.38,2015.23],"ix":2},"a":{"a":0,"k":[0,0],"ix":1},"s":{"a":0,"k":[100,100],"ix":3},"r":{"a":0,"k":0,"ix":6},"o":{"a":0,"k":100,"ix":7},"sk":{"a":0,"k":0,"ix":4},"sa":{"a":0,"k":0,"ix":5},"nm":"Transform"}],"nm":"Group 3","np":2,"cix":2,"bm":0,"ix":3,"mn":"ADBE Vector Group","hd":false},{"ty":"gr","it":[{"ind":0,"ty":"sh","ix":1,"ks":{"a":0,"k":{"i":[[-7.74,-24.79],[0,0],[11.08,-1.23],[-0.88,-7.91],[-8.79,-0.88],[0,0],[-2.28,-21.98],[30.78,-3.17],[6.5,26.73],[0,0],[-13.89,1.41],[0.88,8.44],[10.2,1.06],[0,0],[2.64,25.14],[-32.53,3.34]],"o":[[0,0],[-3.86,-12.66],[-11.42,1.23],[0.53,5.63],[0,0],[24.44,2.98],[2.99,29.54],[-31.12,3.16],[0,0],[4.92,13.89],[12.84,-1.41],[-0.7,-6.16],[0,0],[-20.22,-2.46],[-2.81,-26.91],[29.9,-3.16]],"v":[[51.61,-38.075],[18.9,-27.875],[-7.3,-44.755],[-24.35,-28.755],[-12.04,-18.375],[17.32,-14.855],[59.52,21.535],[7.12,72.185],[-57.58,36.485],[-23.12,26.115],[6.24,43.695],[25.23,27.345],[11.17,16.435],[-18.37,13.275],[-59.7,-22.945],[-9.41,-72.185]],"c":true},"ix":2},"nm":"Path 1","mn":"ADBE Vector Shape - Group","hd":false},{"ty":"fl","c":{"a":0,"k":[0,0.011764706112,0.333333343267,1],"ix":4},"o":{"a":0,"k":100,"ix":5},"r":1,"bm":0,"nm":"Fill 1","mn":"ADBE Vector Graphic - Fill","hd":false},{"ty":"tr","p":{"a":0,"k":[2073.43,2028.685],"ix":2},"a":{"a":0,"k":[0,0],"ix":1},"s":{"a":0,"k":[100,100],"ix":3},"r":{"a":0,"k":0,"ix":6},"o":{"a":0,"k":100,"ix":7},"sk":{"a":0,"k":0,"ix":4},"sa":{"a":0,"k":0,"ix":5},"nm":"Transform"}],"nm":"Group 4","np":2,"cix":2,"bm":0,"ix":4,"mn":"ADBE Vector Group","hd":false},{"ty":"gr","it":[{"ind":0,"ty":"sh","ix":1,"ks":{"a":0,"k":{"i":[[0,0],[0,0],[0,0]],"o":[[0,0],[0,0],[0,0]],"v":[[-10.2,-33.58],[-23.03,13.54],[12.31,9.85]],"c":true},"ix":2},"nm":"Path 1","mn":"ADBE Vector Shape - Group","hd":false},{"ind":1,"ty":"sh","ix":2,"ks":{"a":0,"k":{"i":[[0,0],[0,0],[0,0],[0,0],[0,0],[0,0],[0,0],[0,0]],"o":[[0,0],[0,0],[0,0],[0,0],[0,0],[0,0],[0,0],[0,0]],"v":[[38.86,62.25],[26.55,37.98],[-31.65,43.96],[-38.68,70.16],[-75.26,73.85],[-31.65,-70.33],[3.17,-73.85],[75.26,58.56]],"c":true},"ix":2},"nm":"Path 2","mn":"ADBE Vector Shape - Group","hd":false},{"ty":"mm","mm":1,"nm":"Merge Paths 1","mn":"ADBE Vector Filter - Merge","hd":false},{"ty":"fl","c":{"a":0,"k":[0,0.011764706112,0.333333343267,1],"ix":4},"o":{"a":0,"k":100,"ix":5},"r":1,"bm":0,"nm":"Fill 1","mn":"ADBE Vector Graphic - Fill","hd":false},{"ty":"tr","p":{"a":0,"k":[1940.41,2045.65],"ix":2},"a":{"a":0,"k":[0,0],"ix":1},"s":{"a":0,"k":[100,100],"ix":3},"r":{"a":0,"k":0,"ix":6},"o":{"a":0,"k":100,"ix":7},"sk":{"a":0,"k":0,"ix":4},"sa":{"a":0,"k":0,"ix":5},"nm":"Transform"}],"nm":"Group 5","np":4,"cix":2,"bm":0,"ix":5,"mn":"ADBE Vector Group","hd":false},{"ty":"gr","it":[{"ind":0,"ty":"sh","ix":1,"ks":{"a":0,"k":{"i":[[0,0],[1.06,10.2],[12.31,-1.23],[0,0],[0,0]],"o":[[12.13,-1.23],[-1.05,-9.85],[0,0],[0,0],[0,0]],"v":[[2.2,-8.53],[20.48,-27.34],[-1.32,-41.76],[-33.5,-38.42],[-30.16,-5.19]],"c":true},"ix":2},"nm":"Path 1","mn":"ADBE Vector Shape - Group","hd":false},{"ind":1,"ty":"sh","ix":2,"ks":{"a":0,"k":{"i":[[0,0],[0,0],[0,0],[0,0],[0,0],[0,0],[0,0],[-2.63,-27.08],[21.8,-7.21],[0,0]],"o":[[0,0],[0,0],[0,0],[0,0],[0,0],[0,0],[29.89,-3.17],[2.29,22.68],[0,0],[0,0]],"v":[[29.45,65.5],[-17.15,22.25],[-26.99,23.3],[-22.07,70.78],[-56.18,74.29],[-70.42,-63.92],[-0.44,-71.12],[53.89,-31.03],[22.07,16.62],[70.42,61.28]],"c":true},"ix":2},"nm":"Path 2","mn":"ADBE Vector Shape - Group","hd":false},{"ty":"mm","mm":1,"nm":"Merge Paths 1","mn":"ADBE Vector Filter - Merge","hd":false},{"ty":"fl","c":{"a":0,"k":[0,0.011764706112,0.333333343267,1],"ix":4},"o":{"a":0,"k":100,"ix":5},"r":1,"bm":0,"nm":"Fill 1","mn":"ADBE Vector Graphic - Fill","hd":false},{"ty":"tr","p":{"a":0,"k":[1791.74,2058.75],"ix":2},"a":{"a":0,"k":[0,0],"ix":1},"s":{"a":0,"k":[100,100],"ix":3},"r":{"a":0,"k":0,"ix":6},"o":{"a":0,"k":100,"ix":7},"sk":{"a":0,"k":0,"ix":4},"sa":{"a":0,"k":0,"ix":5},"nm":"Transform"}],"nm":"Group 6","np":4,"cix":2,"bm":0,"ix":6,"mn":"ADBE Vector Group","hd":false},{"ty":"gr","it":[{"ind":0,"ty":"sh","ix":1,"ks":{"a":0,"k":{"i":[[0,0],[1.06,10.2],[12.31,-1.23],[0,0],[0,0]],"o":[[12.14,-1.23],[-1.05,-9.84],[0,0],[0,0],[0,0]],"v":[[2.195,-8.35],[20.485,-27.17],[-1.315,-41.59],[-33.495,-38.24],[-30.155,-5.01]],"c":true},"ix":2},"nm":"Path 1","mn":"ADBE Vector Shape - Group","hd":false},{"ind":1,"ty":"sh","ix":2,"ks":{"a":0,"k":{"i":[[0,0],[0,0],[0,0],[0,0],[0,0],[0,0],[0,0],[-2.64,-27.08],[21.81,-7.21],[0,0]],"o":[[0,0],[0,0],[0,0],[0,0],[0,0],[0,0],[29.89,-3.16],[2.29,22.68],[0,0],[0,0]],"v":[[29.455,65.5],[-17.145,22.24],[-26.995,23.3],[-22.065,70.78],[-56.175,74.29],[-70.425,-63.92],[-0.435,-71.13],[53.895,-31.03],[22.065,16.62],[70.425,61.28]],"c":true},"ix":2},"nm":"Path 2","mn":"ADBE Vector Shape - Group","hd":false},{"ty":"mm","mm":1,"nm":"Merge Paths 1","mn":"ADBE Vector Filter - Merge","hd":false},{"ty":"fl","c":{"a":0,"k":[0,0.011764706112,0.333333343267,1],"ix":4},"o":{"a":0,"k":100,"ix":5},"r":1,"bm":0,"nm":"Fill 1","mn":"ADBE Vector Graphic - Fill","hd":false},{"ty":"tr","p":{"a":0,"k":[1651.595,2073.17],"ix":2},"a":{"a":0,"k":[0,0],"ix":1},"s":{"a":0,"k":[100,100],"ix":3},"r":{"a":0,"k":0,"ix":6},"o":{"a":0,"k":100,"ix":7},"sk":{"a":0,"k":0,"ix":4},"sa":{"a":0,"k":0,"ix":5},"nm":"Transform"}],"nm":"Group 7","np":4,"cix":2,"bm":0,"ix":7,"mn":"ADBE Vector Group","hd":false},{"ty":"gr","it":[{"ind":0,"ty":"sh","ix":1,"ks":{"a":0,"k":{"i":[[0,0],[0,0],[0,0],[0,0],[0,0],[0,0],[0,0],[0,0],[0,0],[0,0],[0,0],[0,0]],"o":[[0,0],[0,0],[0,0],[0,0],[0,0],[0,0],[0,0],[0,0],[0,0],[0,0],[0,0],[0,0]],"v":[[61.015,63.565],[-46.775,74.645],[-61.015,-63.565],[46.065,-74.645],[49.055,-45.285],[-24.095,-37.715],[-21.455,-11.695],[45.535,-18.555],[48.355,9.055],[-18.645,15.915],[-16.005,41.935],[57.675,34.375]],"c":true},"ix":2},"nm":"Path 1","mn":"ADBE Vector Shape - Group","hd":false},{"ty":"fl","c":{"a":0,"k":[0,0.011764706112,0.333333343267,1],"ix":4},"o":{"a":0,"k":100,"ix":5},"r":1,"bm":0,"nm":"Fill 1","mn":"ADBE Vector Graphic - Fill","hd":false},{"ty":"tr","p":{"a":0,"k":[1513.125,2086.185],"ix":2},"a":{"a":0,"k":[0,0],"ix":1},"s":{"a":0,"k":[100,100],"ix":3},"r":{"a":0,"k":0,"ix":6},"o":{"a":0,"k":100,"ix":7},"sk":{"a":0,"k":0,"ix":4},"sa":{"a":0,"k":0,"ix":5},"nm":"Transform"}],"nm":"Group 8","np":2,"cix":2,"bm":0,"ix":8,"mn":"ADBE Vector Group","hd":false},{"ty":"gr","it":[{"ind":0,"ty":"sh","ix":1,"ks":{"a":0,"k":{"i":[[0,0],[0,0],[0,0],[0,0],[0,0],[0,0],[0,0]],"o":[[0,0],[0,0],[0,0],[0,0],[0,0],[0,0],[0,0]],"v":[[30.77,70.51],[-2.11,73.85],[-75.26,-58.38],[-37.63,-62.25],[9.32,25.5],[37.63,-69.98],[75.26,-73.85]],"c":true},"ix":2},"nm":"Path 1","mn":"ADBE Vector Shape - Group","hd":false},{"ty":"fl","c":{"a":0,"k":[0,0.011764706112,0.333333343267,1],"ix":4},"o":{"a":0,"k":100,"ix":5},"r":1,"bm":0,"nm":"Fill 1","mn":"ADBE Vector Graphic - Fill","hd":false},{"ty":"tr","p":{"a":0,"k":[1363.31,2097.7],"ix":2},"a":{"a":0,"k":[0,0],"ix":1},"s":{"a":0,"k":[100,100],"ix":3},"r":{"a":0,"k":0,"ix":6},"o":{"a":0,"k":100,"ix":7},"sk":{"a":0,"k":0,"ix":4},"sa":{"a":0,"k":0,"ix":5},"nm":"Transform"}],"nm":"Group 9","np":2,"cix":2,"bm":0,"ix":9,"mn":"ADBE Vector Group","hd":false},{"ty":"gr","it":[{"ind":0,"ty":"sh","ix":1,"ks":{"a":0,"k":{"i":[[0,0],[0,0],[0,0],[0,0]],"o":[[0,0],[0,0],[0,0],[0,0]],"v":[[-672.82,-39.995],[650.52,-176.365],[672.82,39.995],[-650.52,176.365]],"c":true},"ix":2},"nm":"Path 1","mn":"ADBE Vector Shape - Group","hd":false},{"ty":"fl","c":{"a":0,"k":[0.639215707779,0.937254905701,0.776470601559,1],"ix":4},"o":{"a":0,"k":100,"ix":5},"r":1,"bm":0,"nm":"Fill 1","mn":"ADBE Vector Graphic - Fill","hd":false},{"ty":"tr","p":{"a":0,"k":[1920,2046.205],"ix":2},"a":{"a":0,"k":[0,0],"ix":1},"s":{"a":0,"k":[100,100],"ix":3},"r":{"a":0,"k":0,"ix":6},"o":{"a":0,"k":100,"ix":7},"sk":{"a":0,"k":0,"ix":4},"sa":{"a":0,"k":0,"ix":5},"nm":"Transform"}],"nm":"Group 10","np":2,"cix":2,"bm":0,"ix":10,"mn":"ADBE Vector Group","hd":false}],"ip":0,"op":300,"st":0,"bm":0},{"ddd":0,"ind":2,"ty":4,"nm":"lv-campagne-logo-rgb-04 Outlines","sr":1,"ks":{"o":{"a":0,"k":100,"ix":11},"r":{"a":0,"k":0,"ix":10},"p":{"a":1,"k":[{"i":{"x":0.833,"y":0.833},"o":{"x":0.167,"y":0.167},"t":40.8,"s":[2712,-16,0],"to":[0,0,0],"ti":[0,0,0]},{"t":60,"s":[1912,1912,0]}],"ix":2,"l":2},"a":{"a":0,"k":[1920,1920,0],"ix":1,"l":2},"s":{"a":1,"k":[{"i":{"x":[0.833,0.833,0.833],"y":[0.833,0.833,0.833]},"o":{"x":[0.167,0.167,0.167],"y":[0.167,0.167,0.167]},"t":40.8,"s":[200,200,100]},{"t":60,"s":[100,100,100]}],"ix":6,"l":2}},"ao":0,"shapes":[{"ty":"gr","it":[{"ind":0,"ty":"sh","ix":1,"ks":{"a":0,"k":{"i":[[9.67,0],[0,9.67],[-9.67,0],[0,-9.67]],"o":[[-9.5,0],[0,-9.5],[9.49,0],[0,9.49]],"v":[[0.355,-3.335],[-17.055,-20.745],[0.355,-38.155],[17.755,-20.745]],"c":true},"ix":2},"nm":"Path 1","mn":"ADBE Vector Shape - Group","hd":false},{"ind":1,"ty":"sh","ix":2,"ks":{"a":0,"k":{"i":[[16.53,16.71],[12.67,0],[8.97,-8.96],[-14.24,-18.99],[0,0],[0,0]],"o":[[-8.97,-8.96],[-12.66,0],[-16.7,16.53],[0,0],[0,0],[14.07,-18.99]],"v":[[33.585,-53.985],[-0.005,-67.875],[-33.585,-53.985],[-37.985,12.835],[0.175,67.875],[38.155,13.015]],"c":true},"ix":2},"nm":"Path 2","mn":"ADBE Vector Shape - Group","hd":false},{"ty":"mm","mm":1,"nm":"Merge Paths 1","mn":"ADBE Vector Filter - Merge","hd":false},{"ty":"fl","c":{"a":0,"k":[0.768627464771,0.627451002598,0.439215689898,1],"ix":4},"o":{"a":0,"k":100,"ix":5},"r":1,"bm":0,"nm":"Fill 1","mn":"ADBE Vector Graphic - Fill","hd":false},{"ty":"tr","p":{"a":0,"k":[1962.585,1683.775],"ix":2},"a":{"a":0,"k":[0,0],"ix":1},"s":{"a":0,"k":[100,100],"ix":3},"r":{"a":0,"k":0,"ix":6},"o":{"a":0,"k":100,"ix":7},"sk":{"a":0,"k":0,"ix":4},"sa":{"a":0,"k":0,"ix":5},"nm":"Transform"}],"nm":"Group 1","np":4,"cix":2,"bm":0,"ix":1,"mn":"ADBE Vector Group","hd":false}],"ip":0,"op":300,"st":0,"bm":0},{"ddd":0,"ind":3,"ty":4,"nm":"lv-campagne-logo-rgb-02 Outlines","sr":1,"ks":{"o":{"a":0,"k":100,"ix":11},"r":{"a":0,"k":0,"ix":10},"p":{"a":1,"k":[{"i":{"x":0.833,"y":0.833},"o":{"x":0.167,"y":0.167},"t":40.8,"s":[-656,488,0],"to":[0,0,0],"ti":[0,0,0]},{"t":60,"s":[1912,1912,0]}],"ix":2,"l":2},"a":{"a":0,"k":[1920,1920,0],"ix":1,"l":2},"s":{"a":1,"k":[{"i":{"x":[0.833,0.833,0.833],"y":[0.833,0.833,0.833]},"o":{"x":[0.167,0.167,0.167],"y":[0.167,0.167,0.167]},"t":40.8,"s":[200,200,100]},{"t":60,"s":[100,100,100]}],"ix":6,"l":2}},"ao":0,"shapes":[{"ty":"gr","it":[{"ind":0,"ty":"sh","ix":1,"ks":{"a":0,"k":{"i":[[0,0],[0,0],[0,0],[0,0],[0,0],[0,0],[0,0],[0,0],[0,0],[0,0],[0,0],[0,0]],"o":[[0,0],[0,0],[0,0],[0,0],[0,0],[0,0],[0,0],[0,0],[0,0],[0,0],[0,0],[0,0]],"v":[[54.16,69.545],[-54.16,69.545],[-54.16,-69.545],[53.45,-69.545],[53.45,-40.005],[-20.05,-40.005],[-20.05,-13.985],[47.47,-13.985],[47.47,13.805],[-19.87,13.805],[-19.87,40.005],[54.16,40.005]],"c":true},"ix":2},"nm":"Path 1","mn":"ADBE Vector Shape - Group","hd":false},{"ty":"fl","c":{"a":0,"k":[1,0.999998863071,1,1],"ix":4},"o":{"a":0,"k":100,"ix":5},"r":1,"bm":0,"nm":"Fill 1","mn":"ADBE Vector Graphic - Fill","hd":false},{"ty":"tr","p":{"a":0,"k":[2057.52,1832.625],"ix":2},"a":{"a":0,"k":[0,0],"ix":1},"s":{"a":0,"k":[100,100],"ix":3},"r":{"a":0,"k":0,"ix":6},"o":{"a":0,"k":100,"ix":7},"sk":{"a":0,"k":0,"ix":4},"sa":{"a":0,"k":0,"ix":5},"nm":"Transform"}],"nm":"Group 1","np":2,"cix":2,"bm":0,"ix":1,"mn":"ADBE Vector Group","hd":false},{"ty":"gr","it":[{"ind":0,"ty":"sh","ix":1,"ks":{"a":0,"k":{"i":[[0,0],[33.76,0],[4.05,27.78],[0,0],[-13.19,0],[0,13.37],[0,0],[0,0]],"o":[[0,31.13],[-31.48,0],[0,0],[1.4,14.07],[13.01,0],[0,0],[0,0],[0,0]],"v":[[55.83,17.93],[-0.26,71.04],[-55.83,24.44],[-22.59,17.76],[-0.26,40.62],[21.54,17.93],[21.54,-71.04],[55.83,-71.04]],"c":true},"ix":2},"nm":"Path 1","mn":"ADBE Vector Shape - Group","hd":false},{"ty":"fl","c":{"a":0,"k":[1,0.999998863071,1,1],"ix":4},"o":{"a":0,"k":100,"ix":5},"r":1,"bm":0,"nm":"Fill 1","mn":"ADBE Vector Graphic - Fill","hd":false},{"ty":"tr","p":{"a":0,"k":[1923.79,1834.12],"ix":2},"a":{"a":0,"k":[0,0],"ix":1},"s":{"a":0,"k":[100,100],"ix":3},"r":{"a":0,"k":0,"ix":6},"o":{"a":0,"k":100,"ix":7},"sk":{"a":0,"k":0,"ix":4},"sa":{"a":0,"k":0,"ix":5},"nm":"Transform"}],"nm":"Group 2","np":2,"cix":2,"bm":0,"ix":2,"mn":"ADBE Vector Group","hd":false},{"ty":"gr","it":[{"ind":0,"ty":"sh","ix":1,"ks":{"a":0,"k":{"i":[[0,0],[0,0],[0,0],[0,0],[0,0],[0,0],[0,0],[0,0]],"o":[[0,0],[0,0],[0,0],[0,0],[0,0],[0,0],[0,0],[0,0]],"v":[[17.05,-39.655],[17.05,69.545],[-17.06,69.545],[-17.06,-39.655],[-62.07,-39.655],[-62.07,-69.545],[62.07,-69.545],[62.07,-39.655]],"c":true},"ix":2},"nm":"Path 1","mn":"ADBE Vector Shape - Group","hd":false},{"ty":"fl","c":{"a":0,"k":[1,0.999998863071,1,1],"ix":4},"o":{"a":0,"k":100,"ix":5},"r":1,"bm":0,"nm":"Fill 1","mn":"ADBE Vector Graphic - Fill","hd":false},{"ty":"tr","p":{"a":0,"k":[1750.86,1832.625],"ix":2},"a":{"a":0,"k":[0,0],"ix":1},"s":{"a":0,"k":[100,100],"ix":3},"r":{"a":0,"k":0,"ix":6},"o":{"a":0,"k":100,"ix":7},"sk":{"a":0,"k":0,"ix":4},"sa":{"a":0,"k":0,"ix":5},"nm":"Transform"}],"nm":"Group 3","np":2,"cix":2,"bm":0,"ix":3,"mn":"ADBE Vector Group","hd":false},{"ty":"gr","it":[{"ind":0,"ty":"sh","ix":1,"ks":{"a":0,"k":{"i":[[0,0],[0,0],[0,0]],"o":[[0,0],[0,0],[0,0]],"v":[[0.09,-30.865],[-17.49,14.855],[18.02,14.855]],"c":true},"ix":2},"nm":"Path 1","mn":"ADBE Vector Shape - Group","hd":false},{"ind":1,"ty":"sh","ix":2,"ks":{"a":0,"k":{"i":[[0,0],[0,0],[0,0],[0,0],[0,0],[0,0],[0,0],[0,0]],"o":[[0,0],[0,0],[0,0],[0,0],[0,0],[0,0],[0,0],[0,0]],"v":[[39.13,69.545],[29.45,44.225],[-29.1,44.225],[-38.77,69.545],[-75.52,69.545],[-17.49,-69.545],[17.5,-69.545],[75.52,69.545]],"c":true},"ix":2},"nm":"Path 2","mn":"ADBE Vector Shape - Group","hd":false},{"ty":"mm","mm":1,"nm":"Merge Paths 1","mn":"ADBE Vector Filter - Merge","hd":false},{"ty":"fl","c":{"a":0,"k":[1,0.999998863071,1,1],"ix":4},"o":{"a":0,"k":100,"ix":5},"r":1,"bm":0,"nm":"Fill 1","mn":"ADBE Vector Graphic - Fill","hd":false},{"ty":"tr","p":{"a":0,"k":[1623.46,1832.625],"ix":2},"a":{"a":0,"k":[0,0],"ix":1},"s":{"a":0,"k":[100,100],"ix":3},"r":{"a":0,"k":0,"ix":6},"o":{"a":0,"k":100,"ix":7},"sk":{"a":0,"k":0,"ix":4},"sa":{"a":0,"k":0,"ix":5},"nm":"Transform"}],"nm":"Group 4","np":4,"cix":2,"bm":0,"ix":4,"mn":"ADBE Vector Group","hd":false},{"ty":"gr","it":[{"ind":0,"ty":"sh","ix":1,"ks":{"a":0,"k":{"i":[[0,0],[0,0],[0,0]],"o":[[0,0],[0,0],[0,0]],"v":[[0.09,-30.865],[-17.5,14.855],[18.02,14.855]],"c":true},"ix":2},"nm":"Path 1","mn":"ADBE Vector Shape - Group","hd":false},{"ind":1,"ty":"sh","ix":2,"ks":{"a":0,"k":{"i":[[0,0],[0,0],[0,0],[0,0],[0,0],[0,0],[0,0],[0,0]],"o":[[0,0],[0,0],[0,0],[0,0],[0,0],[0,0],[0,0],[0,0]],"v":[[39.12,69.545],[29.45,44.225],[-29.1,44.225],[-38.77,69.545],[-75.52,69.545],[-17.5,-69.545],[17.5,-69.545],[75.52,69.545]],"c":true},"ix":2},"nm":"Path 2","mn":"ADBE Vector Shape - Group","hd":false},{"ty":"mm","mm":1,"nm":"Merge Paths 1","mn":"ADBE Vector Filter - Merge","hd":false},{"ty":"fl","c":{"a":0,"k":[1,0.999998863071,1,1],"ix":4},"o":{"a":0,"k":100,"ix":5},"r":1,"bm":0,"nm":"Fill 1","mn":"ADBE Vector Graphic - Fill","hd":false},{"ty":"tr","p":{"a":0,"k":[1472.24,1832.625],"ix":2},"a":{"a":0,"k":[0,0],"ix":1},"s":{"a":0,"k":[100,100],"ix":3},"r":{"a":0,"k":0,"ix":6},"o":{"a":0,"k":100,"ix":7},"sk":{"a":0,"k":0,"ix":4},"sa":{"a":0,"k":0,"ix":5},"nm":"Transform"}],"nm":"Group 5","np":4,"cix":2,"bm":0,"ix":5,"mn":"ADBE Vector Group","hd":false},{"ty":"gr","it":[{"ind":0,"ty":"sh","ix":1,"ks":{"a":0,"k":{"i":[[0,0],[0,0],[0,0],[0,0],[0,0],[0,0]],"o":[[0,0],[0,0],[0,0],[0,0],[0,0],[0,0]],"v":[[51.345,69.545],[-51.345,69.545],[-51.345,-69.545],[-17.055,-69.545],[-17.055,39.655],[51.345,39.655]],"c":true},"ix":2},"nm":"Path 1","mn":"ADBE Vector Shape - Group","hd":false},{"ty":"fl","c":{"a":0,"k":[1,0.999998863071,1,1],"ix":4},"o":{"a":0,"k":100,"ix":5},"r":1,"bm":0,"nm":"Fill 1","mn":"ADBE Vector Graphic - Fill","hd":false},{"ty":"tr","p":{"a":0,"k":[1338.165,1832.625],"ix":2},"a":{"a":0,"k":[0,0],"ix":1},"s":{"a":0,"k":[100,100],"ix":3},"r":{"a":0,"k":0,"ix":6},"o":{"a":0,"k":100,"ix":7},"sk":{"a":0,"k":0,"ix":4},"sa":{"a":0,"k":0,"ix":5},"nm":"Transform"}],"nm":"Group 6","np":2,"cix":2,"bm":0,"ix":6,"mn":"ADBE Vector Group","hd":false},{"ty":"gr","it":[{"ind":0,"ty":"sh","ix":1,"ks":{"a":0,"k":{"i":[[0,0],[0,0],[0,0],[0,0]],"o":[[0,0],[0,0],[0,0],[0,0]],"v":[[-452.43,-110.34],[452.43,-110.34],[452.43,110.34],[-452.43,110.34]],"c":true},"ix":2},"nm":"Path 1","mn":"ADBE Vector Shape - Group","hd":false},{"ty":"fl","c":{"a":0,"k":[0,0.011764706112,0.333333343267,1],"ix":4},"o":{"a":0,"k":100,"ix":5},"r":1,"bm":0,"nm":"Fill 1","mn":"ADBE Vector Graphic - Fill","hd":false},{"ty":"tr","p":{"a":0,"k":[1699.51,1834.03],"ix":2},"a":{"a":0,"k":[0,0],"ix":1},"s":{"a":0,"k":[100,100],"ix":3},"r":{"a":0,"k":0,"ix":6},"o":{"a":0,"k":100,"ix":7},"sk":{"a":0,"k":0,"ix":4},"sa":{"a":0,"k":0,"ix":5},"nm":"Transform"}],"nm":"Group 7","np":2,"cix":2,"bm":0,"ix":7,"mn":"ADBE Vector Group","hd":false}],"ip":0,"op":300,"st":0,"bm":0},{"ddd":0,"ind":4,"ty":4,"nm":"lv-campagne-logo-rgb-05 Outlines","sr":1,"ks":{"o":{"a":0,"k":100,"ix":11},"r":{"a":0,"k":0,"ix":10},"p":{"a":1,"k":[{"i":{"x":0.833,"y":0.833},"o":{"x":0.167,"y":0.167},"t":40.8,"s":[3288,4024,0],"to":[0,0,0],"ti":[0,0,0]},{"t":60,"s":[1912,1912,0]}],"ix":2,"l":2},"a":{"a":0,"k":[1920,1920,0],"ix":1,"l":2},"s":{"a":1,"k":[{"i":{"x":[0.833,0.833,0.833],"y":[0.833,0.833,0.833]},"o":{"x":[0.167,0.167,0.167],"y":[0.167,0.167,0.167]},"t":40.8,"s":[200,200,100]},{"t":60,"s":[100,100,100]}],"ix":6,"l":2}},"ao":0,"shapes":[{"ty":"gr","it":[{"ind":0,"ty":"sh","ix":1,"ks":{"a":0,"k":{"i":[[0,0],[0,0],[0,0],[0,0]],"o":[[0,0],[0,0],[0,0],[0,0]],"v":[[690.18,54.115],[-664.65,193.715],[-690.18,-54.115],[664.65,-193.715]],"c":true},"ix":2},"nm":"Path 1","mn":"ADBE Vector Shape - Group","hd":false},{"ty":"fl","c":{"a":0,"k":[1,0.999998863071,1,1],"ix":4},"o":{"a":0,"k":100,"ix":5},"r":1,"bm":0,"nm":"Fill 1","mn":"ADBE Vector Graphic - Fill","hd":false},{"ty":"tr","p":{"a":0,"k":[1920,2046.205],"ix":2},"a":{"a":0,"k":[0,0],"ix":1},"s":{"a":0,"k":[100,100],"ix":3},"r":{"a":0,"k":0,"ix":6},"o":{"a":0,"k":100,"ix":7},"sk":{"a":0,"k":0,"ix":4},"sa":{"a":0,"k":0,"ix":5},"nm":"Transform"}],"nm":"Group 1","np":2,"cix":2,"bm":0,"ix":1,"mn":"ADBE Vector Group","hd":false}],"ip":0,"op":300,"st":0,"bm":0},{"ddd":0,"ind":5,"ty":4,"nm":"lv-campagne-logo-rgb-03 Outlines","sr":1,"ks":{"o":{"a":0,"k":100,"ix":11},"r":{"a":0,"k":0,"ix":10},"p":{"a":1,"k":[{"i":{"x":0.833,"y":0.833},"o":{"x":0.167,"y":0.167},"t":40.8,"s":[2712,-16,0],"to":[0,0,0],"ti":[0,0,0]},{"t":60,"s":[1912,1912,0]}],"ix":2,"l":2},"a":{"a":0,"k":[1920,1920,0],"ix":1,"l":2},"s":{"a":1,"k":[{"i":{"x":[0.833,0.833,0.833],"y":[0.833,0.833,0.833]},"o":{"x":[0.167,0.167,0.167],"y":[0.167,0.167,0.167]},"t":40.8,"s":[200,200,100]},{"t":60,"s":[100,100,100]}],"ix":6,"l":2}},"ao":0,"shapes":[{"ty":"gr","it":[{"ind":0,"ty":"sh","ix":1,"ks":{"a":0,"k":{"i":[[0,0],[-22.2,21.97],[-16.92,0],[-11.95,-11.94],[18.52,-25.26],[0,0]],"o":[[-18.85,-25.43],[11.89,-11.88],[16.93,0],[21.97,22.21],[0,0],[0,0]],"v":[[-50.77,16.09],[-44.65,-71.22],[0.06,-89.68],[44.84,-71.16],[51.1,16.23],[0.25,89.68]],"c":true},"ix":2},"nm":"Path 1","mn":"ADBE Vector Shape - Group","hd":false},{"ty":"fl","c":{"a":0,"k":[1,0.999998863071,1,1],"ix":4},"o":{"a":0,"k":100,"ix":5},"r":1,"bm":0,"nm":"Fill 1","mn":"ADBE Vector Graphic - Fill","hd":false},{"ty":"tr","p":{"a":0,"k":[1962.52,1689.76],"ix":2},"a":{"a":0,"k":[0,0],"ix":1},"s":{"a":0,"k":[100,100],"ix":3},"r":{"a":0,"k":0,"ix":6},"o":{"a":0,"k":100,"ix":7},"sk":{"a":0,"k":0,"ix":4},"sa":{"a":0,"k":0,"ix":5},"nm":"Transform"}],"nm":"Group 1","np":2,"cix":2,"bm":0,"ix":1,"mn":"ADBE Vector Group","hd":false}],"ip":0,"op":300,"st":0,"bm":0},{"ddd":0,"ind":6,"ty":4,"nm":"lv-campagne-logo-rgb-01 Outlines","sr":1,"ks":{"o":{"a":0,"k":100,"ix":11},"r":{"a":0,"k":0,"ix":10},"p":{"a":1,"k":[{"i":{"x":0.833,"y":0.833},"o":{"x":0.167,"y":0.167},"t":40.8,"s":[-656,488,0],"to":[0,0,0],"ti":[0,0,0]},{"t":60,"s":[1912,1912,0]}],"ix":2,"l":2},"a":{"a":0,"k":[1920,1920,0],"ix":1,"l":2},"s":{"a":1,"k":[{"i":{"x":[0.833,0.833,0.833],"y":[0.833,0.833,0.833]},"o":{"x":[0.167,0.167,0.167],"y":[0.167,0.167,0.167]},"t":40.8,"s":[200,200,100]},{"t":60,"s":[100,100,100]}],"ix":6,"l":2}},"ao":0,"shapes":[{"ty":"gr","it":[{"ind":0,"ty":"sh","ix":1,"ks":{"a":0,"k":{"i":[[0,0],[0,0],[0,0],[0,0]],"o":[[0,0],[0,0],[0,0],[0,0]],"v":[[468.26,126.16],[-468.26,126.16],[-468.26,-126.16],[468.26,-126.16]],"c":true},"ix":2},"nm":"Path 1","mn":"ADBE Vector Shape - Group","hd":false},{"ty":"fl","c":{"a":0,"k":[1,0.999998863071,1,1],"ix":4},"o":{"a":0,"k":100,"ix":5},"r":1,"bm":0,"nm":"Fill 1","mn":"ADBE Vector Graphic - Fill","hd":false},{"ty":"tr","p":{"a":0,"k":[1699.51,1834.03],"ix":2},"a":{"a":0,"k":[0,0],"ix":1},"s":{"a":0,"k":[100,100],"ix":3},"r":{"a":0,"k":0,"ix":6},"o":{"a":0,"k":100,"ix":7},"sk":{"a":0,"k":0,"ix":4},"sa":{"a":0,"k":0,"ix":5},"nm":"Transform"}],"nm":"Group 1","np":2,"cix":2,"bm":0,"ix":1,"mn":"ADBE Vector Group","hd":false}],"ip":0,"op":300,"st":0,"bm":0}]}],"fonts":{"list":[{"fName":"GalanoGrotesque-Bold","fFamily":"Galano Grotesque","fStyle":"Bold","ascent":71.9985961914062},{"fName":"GalanoGrotesque-Regular","fFamily":"Galano Grotesque","fStyle":"Regular","ascent":71.9985961914062}]},"layers":[{"ddd":0,"ind":1,"ty":5,"nm":"<empty text layer>","sr":1,"ks":{"o":{"a":0,"k":100,"ix":11},"r":{"a":0,"k":0,"ix":10},"p":{"a":0,"k":[-121,220,0],"ix":2,"l":2},"a":{"a":0,"k":[0,0,0],"ix":1,"l":2},"s":{"a":0,"k":[100,100,100],"ix":6,"l":2}},"ao":0,"t":{"d":{"k":[{"s":{"s":100,"f":"GalanoGrotesque-Bold","t":"","ca":0,"j":0,"tr":0,"lh":120.000007629395,"ls":0,"fc":[1,1,1]},"t":0}]},"p":{},"m":{"g":1,"a":{"a":0,"k":[0,0],"ix":2}},"a":[]},"ip":0,"op":260,"st":0,"bm":0},{"ddd":0,"ind":2,"ty":4,"nm":"Logo-GLV Outlines","sr":1,"ks":{"o":{"a":1,"k":[{"i":{"x":[0.833],"y":[0.833]},"o":{"x":[0.167],"y":[0.167]},"t":150,"s":[0]},{"t":159,"s":[100]}],"ix":11},"r":{"a":0,"k":0,"ix":10},"p":{"a":0,"k":[590.25,46.23,0],"ix":2,"l":2},"a":{"a":0,"k":[1918,483,0],"ix":1,"l":2},"s":{"a":0,"k":[4.817,4.817,100],"ix":6,"l":2}},"ao":0,"shapes":[{"ty":"gr","it":[{"ind":0,"ty":"sh","ix":1,"ks":{"a":0,"k":{"i":[[0,0],[57.195,0],[17.172,28.417],[0,0],[-18.253,0],[0,27.725],[0,0],[22.767,0],[0,49.827],[-46.005,0],[-12.602,-10.857],[0,0],[0,0]],"o":[[0,54.37],[-40.327,0],[0,0],[13.323,15.787],[25.592,0],[0,0],[-12.602,10.858],[-46.005,0],[0,-48.776],[22.767,0],[0,0],[0,0],[0,0]],"v":[[96.484,39.815],[-2.119,124.015],[-90.528,81.555],[-43.859,56.295],[-2.451,78.065],[41.366,35.245],[41.366,30.342],[-11.563,47.182],[-96.484,-39.122],[-11.563,-124.015],[41.366,-107.203],[41.366,-118.78],[96.484,-118.78]],"c":true},"ix":2},"nm":"Path 1","mn":"ADBE Vector Shape - Group","hd":false},{"ind":1,"ty":"sh","ix":2,"ks":{"a":0,"k":{"i":[[0,23.515],[22.434,0],[0,-23.516],[-24.568,0]],"o":[[0,-23.516],[-24.568,0],[0,23.515],[22.434,0]],"v":[[41.366,-39.122],[0.347,-79.117],[-41.781,-39.122],[0.347,1.233]],"c":true},"ix":2},"nm":"Path 2","mn":"ADBE Vector Shape - Group","hd":false},{"ty":"mm","mm":1,"nm":"Merge Paths 1","mn":"ADBE Vector Filter - Merge","hd":false},{"ty":"fl","c":{"a":0,"k":[0.639215686275,0.937254961799,0.776470648074,1],"ix":4},"o":{"a":0,"k":100,"ix":5},"r":1,"bm":0,"nm":"Fill 1","mn":"ADBE Vector Graphic - Fill","hd":false},{"ty":"tr","p":{"a":0,"k":[2626.501,748.136],"ix":2},"a":{"a":0,"k":[0,0],"ix":1},"s":{"a":0,"k":[100,100],"ix":3},"r":{"a":0,"k":0,"ix":6},"o":{"a":0,"k":100,"ix":7},"sk":{"a":0,"k":0,"ix":4},"sa":{"a":0,"k":0,"ix":5},"nm":"Transform"}],"nm":"Group 1","np":4,"cix":2,"bm":0,"ix":1,"mn":"ADBE Vector Group","hd":false},{"ty":"gr","it":[{"ind":0,"ty":"sh","ix":1,"ks":{"a":0,"k":{"i":[[-4.21,-1.052],[0,0],[0,0],[0,-45.618],[0,0],[0,0],[0,0],[0,0],[0,0],[-28.777,0]],"o":[[0,0],[0,0],[-39.275,0],[0,0],[0,0],[0,0],[0,0],[0,0],[12.63,-21.05],[4.93,0]],"v":[[64.729,-87.898],[62.264,-31.755],[52.099,-31.755],[-8.586,34.193],[-8.586,89.282],[-64.729,89.282],[-64.729,-86.846],[-8.586,-86.846],[-8.586,-53.166],[52.099,-89.283]],"c":true},"ix":2},"nm":"Path 1","mn":"ADBE Vector Shape - Group","hd":false},{"ty":"fl","c":{"a":0,"k":[0.639215686275,0.937254961799,0.776470648074,1],"ix":4},"o":{"a":0,"k":100,"ix":5},"r":1,"bm":0,"nm":"Fill 1","mn":"ADBE Vector Graphic - Fill","hd":false},{"ty":"tr","p":{"a":0,"k":[2445.2,716.218],"ix":2},"a":{"a":0,"k":[0,0],"ix":1},"s":{"a":0,"k":[100,100],"ix":3},"r":{"a":0,"k":0,"ix":6},"o":{"a":0,"k":100,"ix":7},"sk":{"a":0,"k":0,"ix":4},"sa":{"a":0,"k":0,"ix":5},"nm":"Transform"}],"nm":"Group 2","np":2,"cix":2,"bm":0,"ix":2,"mn":"ADBE Vector Group","hd":false},{"ty":"gr","it":[{"ind":0,"ty":"sh","ix":1,"ks":{"a":0,"k":{"i":[[0,0],[0,0],[0,0],[22.102,0],[0,44.233],[0,0],[0,0],[0,0],[-17.892,0],[0,34.012],[0,0],[0,0]],"o":[[0,0],[0,0],[-13.322,14.043],[-41.076,0],[0,0],[0,0],[0,0],[0,20.69],[22.102,0],[0,0],[0,0],[0,0]],"v":[[89.282,85.432],[33.167,85.432],[33.167,68.593],[-20.87,90.695],[-89.282,17.353],[-89.282,-90.695],[-33.5,-90.695],[-33.5,5.443],[-3.338,40.176],[33.167,-8.932],[33.167,-90.695],[89.282,-90.695]],"c":true},"ix":2},"nm":"Path 1","mn":"ADBE Vector Shape - Group","hd":false},{"ty":"fl","c":{"a":0,"k":[0.639215686275,0.937254961799,0.776470648074,1],"ix":4},"o":{"a":0,"k":100,"ix":5},"r":1,"bm":0,"nm":"Fill 1","mn":"ADBE Vector Graphic - Fill","hd":false},{"ty":"tr","p":{"a":0,"k":[2241.625,720.057],"ix":2},"a":{"a":0,"k":[0,0],"ix":1},"s":{"a":0,"k":[100,100],"ix":3},"r":{"a":0,"k":0,"ix":6},"o":{"a":0,"k":100,"ix":7},"sk":{"a":0,"k":0,"ix":4},"sa":{"a":0,"k":0,"ix":5},"nm":"Transform"}],"nm":"Group 3","np":2,"cix":2,"bm":0,"ix":3,"mn":"ADBE Vector Group","hd":false},{"ty":"gr","it":[{"ind":0,"ty":"sh","ix":1,"ks":{"a":0,"k":{"i":[[0,-55.422],[46.643,0],[13.683,12.27],[0,0],[0,0],[0,0],[0,0],[0,0],[-22.794,0]],"o":[[0,55.782],[-22.794,0],[0,0],[0,0],[0,0],[0,0],[0,0],[13.683,-12.27],[46.643,0]],"v":[[98.408,35.591],[12.435,128.931],[-42.295,109.626],[-42.295,123.641],[-98.409,123.641],[-98.409,-128.931],[-42.295,-128.931],[-42.295,-38.444],[12.435,-57.721]],"c":true},"ix":2},"nm":"Path 1","mn":"ADBE Vector Shape - Group","hd":false},{"ind":1,"ty":"sh","ix":2,"ks":{"a":0,"k":{"i":[[0,27.365],[24.567,0],[0,-27.005],[-22.795,0]],"o":[[0,-27.005],[-22.795,0],[0,27.365],[24.567,0]],"v":[[43.291,35.591],[0.858,-9.999],[-42.295,35.591],[0.858,81.209]],"c":true},"ix":2},"nm":"Path 2","mn":"ADBE Vector Shape - Group","hd":false},{"ty":"mm","mm":1,"nm":"Merge Paths 1","mn":"ADBE Vector Filter - Merge","hd":false},{"ty":"fl","c":{"a":0,"k":[0.639215686275,0.937254961799,0.776470648074,1],"ix":4},"o":{"a":0,"k":100,"ix":5},"r":1,"bm":0,"nm":"Fill 1","mn":"ADBE Vector Graphic - Fill","hd":false},{"ty":"tr","p":{"a":0,"k":[2018.398,681.835],"ix":2},"a":{"a":0,"k":[0,0],"ix":1},"s":{"a":0,"k":[100,100],"ix":3},"r":{"a":0,"k":0,"ix":6},"o":{"a":0,"k":100,"ix":7},"sk":{"a":0,"k":0,"ix":4},"sa":{"a":0,"k":0,"ix":5},"nm":"Transform"}],"nm":"Group 4","np":4,"cix":2,"bm":0,"ix":4,"mn":"ADBE Vector Group","hd":false},{"ty":"gr","it":[{"ind":0,"ty":"sh","ix":1,"ks":{"a":0,"k":{"i":[[-4.21,-1.052],[0,0],[0,0],[0,-45.618],[0,0],[0,0],[0,0],[0,0],[0,0],[-28.75,0]],"o":[[0,0],[0,0],[-39.275,0],[0,0],[0,0],[0,0],[0,0],[0,0],[12.63,-21.05],[4.93,0]],"v":[[64.715,-87.898],[62.25,-31.755],[52.085,-31.755],[-8.6,34.193],[-8.6,89.282],[-64.715,89.282],[-64.715,-86.846],[-8.6,-86.846],[-8.6,-53.166],[52.085,-89.283]],"c":true},"ix":2},"nm":"Path 1","mn":"ADBE Vector Shape - Group","hd":false},{"ty":"fl","c":{"a":0,"k":[0.639215686275,0.937254961799,0.776470648074,1],"ix":4},"o":{"a":0,"k":100,"ix":5},"r":1,"bm":0,"nm":"Fill 1","mn":"ADBE Vector Graphic - Fill","hd":false},{"ty":"tr","p":{"a":0,"k":[1822.542,716.218],"ix":2},"a":{"a":0,"k":[0,0],"ix":1},"s":{"a":0,"k":[100,100],"ix":3},"r":{"a":0,"k":0,"ix":6},"o":{"a":0,"k":100,"ix":7},"sk":{"a":0,"k":0,"ix":4},"sa":{"a":0,"k":0,"ix":5},"nm":"Transform"}],"nm":"Group 5","np":2,"cix":2,"bm":0,"ix":5,"mn":"ADBE Vector Group","hd":false},{"ty":"gr","it":[{"ind":0,"ty":"sh","ix":1,"ks":{"a":0,"k":{"i":[[0,-55.422],[52.237,0],[0,55.782],[-53.373,0]],"o":[[0,55.782],[-53.373,0],[0,-55.422],[52.237,0]],"v":[[97.024,-0.18],[0.554,92.8],[-97.024,-0.18],[0.554,-92.8]],"c":true},"ix":2},"nm":"Path 1","mn":"ADBE Vector Shape - Group","hd":false},{"ind":1,"ty":"sh","ix":2,"ks":{"a":0,"k":{"i":[[0,27.725],[21.742,0],[0,-27.365],[-22.822,0]],"o":[[0,-27.365],[-22.822,0],[0,27.725],[21.742,0]],"v":[[42.986,-0.18],[0.554,-45.77],[-42.986,-0.18],[0.554,45.438]],"c":true},"ix":2},"nm":"Path 2","mn":"ADBE Vector Shape - Group","hd":false},{"ty":"mm","mm":1,"nm":"Merge Paths 1","mn":"ADBE Vector Filter - Merge","hd":false},{"ty":"fl","c":{"a":0,"k":[0.639215686275,0.937254961799,0.776470648074,1],"ix":4},"o":{"a":0,"k":100,"ix":5},"r":1,"bm":0,"nm":"Fill 1","mn":"ADBE Vector Graphic - Fill","hd":false},{"ty":"tr","p":{"a":0,"k":[1622.824,717.606],"ix":2},"a":{"a":0,"k":[0,0],"ix":1},"s":{"a":0,"k":[100,100],"ix":3},"r":{"a":0,"k":0,"ix":6},"o":{"a":0,"k":100,"ix":7},"sk":{"a":0,"k":0,"ix":4},"sa":{"a":0,"k":0,"ix":5},"nm":"Transform"}],"nm":"Group 6","np":4,"cix":2,"bm":0,"ix":6,"mn":"ADBE Vector Group","hd":false},{"ty":"gr","it":[{"ind":0,"ty":"sh","ix":1,"ks":{"a":0,"k":{"i":[[0,-55.422],[52.237,0],[0,55.782],[-53.373,0]],"o":[[0,55.782],[-53.373,0],[0,-55.422],[52.237,0]],"v":[[97.024,-0.18],[0.554,92.8],[-97.024,-0.18],[0.554,-92.8]],"c":true},"ix":2},"nm":"Path 1","mn":"ADBE Vector Shape - Group","hd":false},{"ind":1,"ty":"sh","ix":2,"ks":{"a":0,"k":{"i":[[0,27.725],[21.743,0],[0,-27.365],[-22.822,0]],"o":[[0,-27.365],[-22.822,0],[0,27.725],[21.743,0]],"v":[[42.987,-0.18],[0.554,-45.77],[-42.986,-0.18],[0.554,45.438]],"c":true},"ix":2},"nm":"Path 2","mn":"ADBE Vector Shape - Group","hd":false},{"ty":"mm","mm":1,"nm":"Merge Paths 1","mn":"ADBE Vector Filter - Merge","hd":false},{"ty":"fl","c":{"a":0,"k":[0.639215686275,0.937254961799,0.776470648074,1],"ix":4},"o":{"a":0,"k":100,"ix":5},"r":1,"bm":0,"nm":"Fill 1","mn":"ADBE Vector Graphic - Fill","hd":false},{"ty":"tr","p":{"a":0,"k":[1402.395,717.606],"ix":2},"a":{"a":0,"k":[0,0],"ix":1},"s":{"a":0,"k":[100,100],"ix":3},"r":{"a":0,"k":0,"ix":6},"o":{"a":0,"k":100,"ix":7},"sk":{"a":0,"k":0,"ix":4},"sa":{"a":0,"k":0,"ix":5},"nm":"Transform"}],"nm":"Group 7","np":4,"cix":2,"bm":0,"ix":7,"mn":"ADBE Vector Group","hd":false},{"ty":"gr","it":[{"ind":0,"ty":"sh","ix":1,"ks":{"a":0,"k":{"i":[[0,0],[0,0],[0,0],[0,0],[0,0],[0,0],[0,0]],"o":[[0,0],[0,0],[0,0],[0,0],[0,0],[0,0],[0,0]],"v":[[27.891,117.534],[-27.891,117.534],[-127.879,-117.534],[-64.036,-117.534],[-0.193,38.236],[64.008,-117.534],[127.878,-117.534]],"c":true},"ix":2},"nm":"Path 1","mn":"ADBE Vector Shape - Group","hd":false},{"ty":"fl","c":{"a":0,"k":[0.639215686275,0.937254961799,0.776470648074,1],"ix":4},"o":{"a":0,"k":100,"ix":5},"r":1,"bm":0,"nm":"Fill 1","mn":"ADBE Vector Graphic - Fill","hd":false},{"ty":"tr","p":{"a":0,"k":[1180.913,687.956],"ix":2},"a":{"a":0,"k":[0,0],"ix":1},"s":{"a":0,"k":[100,100],"ix":3},"r":{"a":0,"k":0,"ix":6},"o":{"a":0,"k":100,"ix":7},"sk":{"a":0,"k":0,"ix":4},"sa":{"a":0,"k":0,"ix":5},"nm":"Transform"}],"nm":"Group 8","np":2,"cix":2,"bm":0,"ix":8,"mn":"ADBE Vector Group","hd":false},{"ty":"gr","it":[{"ind":0,"ty":"sh","ix":1,"ks":{"a":0,"k":{"i":[[0,0],[0,0],[0,0],[0,0]],"o":[[0,0],[0,0],[0,0],[0,0]],"v":[[-58.068,23.668],[58.067,23.668],[58.067,-23.668],[-58.068,-23.668]],"c":true},"ix":2},"nm":"Path 1","mn":"ADBE Vector Shape - Group","hd":false},{"ty":"fl","c":{"a":0,"k":[0.639215686275,0.937254961799,0.776470648074,1],"ix":4},"o":{"a":0,"k":100,"ix":5},"r":1,"bm":0,"nm":"Fill 1","mn":"ADBE Vector Graphic - Fill","hd":false},{"ty":"tr","p":{"a":0,"k":[3777.513,365.367],"ix":2},"a":{"a":0,"k":[0,0],"ix":1},"s":{"a":0,"k":[100,100],"ix":3},"r":{"a":0,"k":0,"ix":6},"o":{"a":0,"k":100,"ix":7},"sk":{"a":0,"k":0,"ix":4},"sa":{"a":0,"k":0,"ix":5},"nm":"Transform"}],"nm":"Group 9","np":2,"cix":2,"bm":0,"ix":9,"mn":"ADBE Vector Group","hd":false},{"ty":"gr","it":[{"ind":0,"ty":"sh","ix":1,"ks":{"a":0,"k":{"i":[[0,-42.792],[0,0],[0,0],[0,0],[16.508,0],[0,-29.442],[0,0],[0,0],[0,0],[16.867,0],[0,-29.442],[0,0],[0,0],[0,0],[0,0],[0,0],[-22.794,0],[-11.938,-19.277],[-27.365,0]],"o":[[0,0],[0,0],[0,0],[0,-19.998],[-20.69,0],[0,0],[0,0],[0,0],[0,-19.998],[-20.33,0],[0,0],[0,0],[0,0],[0,0],[0,0],[11.91,-13.322],[24.568,0],[14.015,-18.224],[37.53,0]],"v":[[147.71,-19.471],[147.71,90.681],[91.928,90.681],[91.928,-7.533],[62.43,-40.161],[28.057,4.376],[28.057,90.681],[-28.085,90.681],[-28.085,-7.533],[-57.915,-40.161],[-91.567,4.376],[-91.567,90.681],[-147.71,90.681],[-147.71,-85.446],[-91.567,-85.446],[-91.567,-69.299],[-39.663,-90.681],[17.893,-60.879],[80.35,-90.681]],"c":true},"ix":2},"nm":"Path 1","mn":"ADBE Vector Shape - Group","hd":false},{"ty":"fl","c":{"a":0,"k":[0.639215686275,0.937254961799,0.776470648074,1],"ix":4},"o":{"a":0,"k":100,"ix":5},"r":1,"bm":0,"nm":"Fill 1","mn":"ADBE Vector Graphic - Fill","hd":false},{"ty":"tr","p":{"a":0,"k":[3523.912,366.785],"ix":2},"a":{"a":0,"k":[0,0],"ix":1},"s":{"a":0,"k":[100,100],"ix":3},"r":{"a":0,"k":0,"ix":6},"o":{"a":0,"k":100,"ix":7},"sk":{"a":0,"k":0,"ix":4},"sa":{"a":0,"k":0,"ix":5},"nm":"Transform"}],"nm":"Group 10","np":2,"cix":2,"bm":0,"ix":10,"mn":"ADBE Vector Group","hd":false},{"ty":"gr","it":[{"ind":0,"ty":"sh","ix":1,"ks":{"a":0,"k":{"i":[[0,0],[0,0],[0,0],[22.767,0],[0,55.755],[-46.67,0],[-13.71,-12.27],[0,0],[0,0]],"o":[[0,0],[0,0],[-13.71,12.298],[-46.67,0],[0,-55.45],[22.767,0],[0,0],[0,0],[0,0]],"v":[[98.395,88.064],[42.28,88.064],[42.28,74.021],[-12.45,93.327],[-98.395,0.013],[-12.45,-93.326],[42.28,-74.021],[42.28,-88.063],[98.395,-88.063]],"c":true},"ix":2},"nm":"Path 1","mn":"ADBE Vector Shape - Group","hd":false},{"ind":1,"ty":"sh","ix":2,"ks":{"a":0,"k":{"i":[[0,27.365],[22.795,0],[0,-27.033],[-24.568,0]],"o":[[0,-27.033],[-24.568,0],[0,27.365],[22.795,0]],"v":[[42.28,0.013],[-0.872,-45.604],[-43.332,0.013],[-0.872,45.604]],"c":true},"ix":2},"nm":"Path 2","mn":"ADBE Vector Shape - Group","hd":false},{"ty":"mm","mm":1,"nm":"Merge Paths 1","mn":"ADBE Vector Filter - Merge","hd":false},{"ty":"fl","c":{"a":0,"k":[0.639215686275,0.937254961799,0.776470648074,1],"ix":4},"o":{"a":0,"k":100,"ix":5},"r":1,"bm":0,"nm":"Fill 1","mn":"ADBE Vector Graphic - Fill","hd":false},{"ty":"tr","p":{"a":0,"k":[3228.243,369.414],"ix":2},"a":{"a":0,"k":[0,0],"ix":1},"s":{"a":0,"k":[100,100],"ix":3},"r":{"a":0,"k":0,"ix":6},"o":{"a":0,"k":100,"ix":7},"sk":{"a":0,"k":0,"ix":4},"sa":{"a":0,"k":0,"ix":5},"nm":"Transform"}],"nm":"Group 11","np":4,"cix":2,"bm":0,"ix":11,"mn":"ADBE Vector Group","hd":false},{"ty":"gr","it":[{"ind":0,"ty":"sh","ix":1,"ks":{"a":0,"k":{"i":[[0,0],[0,0],[0,0],[22.795,0],[0,55.755],[-46.67,0],[-13.71,-12.27],[0,0],[0,0]],"o":[[0,0],[0,0],[-13.71,12.298],[-46.67,0],[0,-55.45],[22.795,0],[0,0],[0,0],[0,0]],"v":[[98.395,123.668],[42.28,123.668],[42.28,109.625],[-12.45,128.931],[-98.395,35.618],[-12.45,-57.721],[42.28,-38.417],[42.28,-128.932],[98.395,-128.932]],"c":true},"ix":2},"nm":"Path 1","mn":"ADBE Vector Shape - Group","hd":false},{"ind":1,"ty":"sh","ix":2,"ks":{"a":0,"k":{"i":[[0,27.365],[22.795,0],[0,-27.033],[-24.568,0]],"o":[[0,-27.033],[-24.568,0],[0,27.365],[22.795,0]],"v":[[42.28,35.618],[-0.872,-9.999],[-43.332,35.618],[-0.872,81.208]],"c":true},"ix":2},"nm":"Path 2","mn":"ADBE Vector Shape - Group","hd":false},{"ty":"mm","mm":1,"nm":"Merge Paths 1","mn":"ADBE Vector Filter - Merge","hd":false},{"ty":"fl","c":{"a":0,"k":[0.639215686275,0.937254961799,0.776470648074,1],"ix":4},"o":{"a":0,"k":100,"ix":5},"r":1,"bm":0,"nm":"Fill 1","mn":"ADBE Vector Graphic - Fill","hd":false},{"ty":"tr","p":{"a":0,"k":[2993.442,333.809],"ix":2},"a":{"a":0,"k":[0,0],"ix":1},"s":{"a":0,"k":[100,100],"ix":3},"r":{"a":0,"k":0,"ix":6},"o":{"a":0,"k":100,"ix":7},"sk":{"a":0,"k":0,"ix":4},"sa":{"a":0,"k":0,"ix":5},"nm":"Transform"}],"nm":"Group 12","np":4,"cix":2,"bm":0,"ix":12,"mn":"ADBE Vector Group","hd":false},{"ty":"gr","it":[{"ind":0,"ty":"sh","ix":1,"ks":{"a":0,"k":{"i":[[0,-44.205],[0,0],[0,0],[0,0],[17.865,0],[0,-34.013],[0,0],[0,0],[0,0],[0,0],[0,0],[-22.103,0]],"o":[[0,0],[0,0],[0,0],[0,-20.718],[-22.102,0],[0,0],[0,0],[0,0],[0,0],[0,0],[13.322,-14.043],[41.047,0]],"v":[[89.296,-17.366],[89.296,90.681],[33.514,90.681],[33.514,-5.428],[3.351,-40.161],[-33.125,8.947],[-33.125,90.681],[-89.297,90.681],[-89.297,-85.446],[-33.125,-85.446],[-33.125,-68.578],[20.884,-90.681]],"c":true},"ix":2},"nm":"Path 1","mn":"ADBE Vector Shape - Group","hd":false},{"ty":"fl","c":{"a":0,"k":[0.639215686275,0.937254961799,0.776470648074,1],"ix":4},"o":{"a":0,"k":100,"ix":5},"r":1,"bm":0,"nm":"Fill 1","mn":"ADBE Vector Graphic - Fill","hd":false},{"ty":"tr","p":{"a":0,"k":[2770.162,366.785],"ix":2},"a":{"a":0,"k":[0,0],"ix":1},"s":{"a":0,"k":[100,100],"ix":3},"r":{"a":0,"k":0,"ix":6},"o":{"a":0,"k":100,"ix":7},"sk":{"a":0,"k":0,"ix":4},"sa":{"a":0,"k":0,"ix":5},"nm":"Transform"}],"nm":"Group 13","np":2,"cix":2,"bm":0,"ix":13,"mn":"ADBE Vector Group","hd":false},{"ty":"gr","it":[{"ind":0,"ty":"sh","ix":1,"ks":{"a":0,"k":{"i":[[0,0],[0,0],[-18.917,0],[-9.445,17.201],[0,0],[40.383,0],[0,55.783],[-51.24,0],[-1.052,-57.527]],"o":[[0,0],[4.542,21.05],[12.99,0],[0,0],[-15.067,37.198],[-50.852,0],[0,-55.422],[49.799,0],[0,0]],"v":[[92.08,14.389],[-37.017,14.389],[0.845,48.429],[38.375,28.071],[88.202,38.236],[0.845,93.326],[-92.08,-0.014],[1.233,-93.326],[92.08,-0.014]],"c":true},"ix":2},"nm":"Path 1","mn":"ADBE Vector Shape - Group","hd":false},{"ind":1,"ty":"sh","ix":2,"ks":{"a":0,"k":{"i":[[5.235,-17.893],[0,0],[16.119,0]],"o":[[0,0],[-5.235,-18.917],[-15.788,0]],"v":[[-35.965,-20.011],[36.63,-20.011],[1.233,-47.709]],"c":true},"ix":2},"nm":"Path 2","mn":"ADBE Vector Shape - Group","hd":false},{"ty":"mm","mm":1,"nm":"Merge Paths 1","mn":"ADBE Vector Filter - Merge","hd":false},{"ty":"fl","c":{"a":0,"k":[0.639215686275,0.937254961799,0.776470648074,1],"ix":4},"o":{"a":0,"k":100,"ix":5},"r":1,"bm":0,"nm":"Fill 1","mn":"ADBE Vector Graphic - Fill","hd":false},{"ty":"tr","p":{"a":0,"k":[2550.854,369.416],"ix":2},"a":{"a":0,"k":[0,0],"ix":1},"s":{"a":0,"k":[100,100],"ix":3},"r":{"a":0,"k":0,"ix":6},"o":{"a":0,"k":100,"ix":7},"sk":{"a":0,"k":0,"ix":4},"sa":{"a":0,"k":0,"ix":5},"nm":"Transform"}],"nm":"Group 14","np":4,"cix":2,"bm":0,"ix":14,"mn":"ADBE Vector Group","hd":false},{"ty":"gr","it":[{"ind":0,"ty":"sh","ix":1,"ks":{"a":0,"k":{"i":[[0,-44.205],[0,0],[0,0],[0,0],[18.225,0],[0,-34.013],[0,0],[0,0],[0,0],[0,0],[0,0],[-22.435,0]],"o":[[0,0],[0,0],[0,0],[0,-20.718],[-21.742,0],[0,0],[0,0],[0,0],[0,0],[0,0],[13.655,-14.043],[40.715,0]],"v":[[89.296,18.239],[89.296,126.286],[33.514,126.286],[33.514,30.177],[2.991,-4.556],[-33.126,44.552],[-33.126,126.286],[-89.296,126.286],[-89.296,-126.286],[-33.126,-126.286],[-33.126,-32.973],[21.216,-55.076]],"c":true},"ix":2},"nm":"Path 1","mn":"ADBE Vector Shape - Group","hd":false},{"ty":"fl","c":{"a":0,"k":[0.639215686275,0.937254961799,0.776470648074,1],"ix":4},"o":{"a":0,"k":100,"ix":5},"r":1,"bm":0,"nm":"Fill 1","mn":"ADBE Vector Graphic - Fill","hd":false},{"ty":"tr","p":{"a":0,"k":[2333.547,331.18],"ix":2},"a":{"a":0,"k":[0,0],"ix":1},"s":{"a":0,"k":[100,100],"ix":3},"r":{"a":0,"k":0,"ix":6},"o":{"a":0,"k":100,"ix":7},"sk":{"a":0,"k":0,"ix":4},"sa":{"a":0,"k":0,"ix":5},"nm":"Transform"}],"nm":"Group 15","np":2,"cix":2,"bm":0,"ix":15,"mn":"ADBE Vector Group","hd":false},{"ty":"gr","it":[{"ind":0,"ty":"sh","ix":1,"ks":{"a":0,"k":{"i":[[-5.955,21.41],[0,0],[43.873,0],[0,55.782],[-52.597,0],[-9.833,-41.408],[0,0],[17.92,0],[0,-25.62],[-25.232,0]],"o":[[0,0],[-8.753,41.768],[-52.597,0],[0,-55.423],[42.82,0],[0,0],[-4.903,-21.383],[-25.232,0],[0,25.952],[17.92,0]],"v":[[41.394,13.323],[92.967,24.539],[3.144,93.312],[-92.966,0],[3.144,-93.312],[92.967,-25.62],[40.342,-12.99],[3.144,-44.204],[-38.928,0],[3.144,44.206]],"c":true},"ix":2},"nm":"Path 1","mn":"ADBE Vector Shape - Group","hd":false},{"ty":"fl","c":{"a":0,"k":[0.639215686275,0.937254961799,0.776470648074,1],"ix":4},"o":{"a":0,"k":100,"ix":5},"r":1,"bm":0,"nm":"Fill 1","mn":"ADBE Vector Graphic - Fill","hd":false},{"ty":"tr","p":{"a":0,"k":[2113.317,369.422],"ix":2},"a":{"a":0,"k":[0,0],"ix":1},"s":{"a":0,"k":[100,100],"ix":3},"r":{"a":0,"k":0,"ix":6},"o":{"a":0,"k":100,"ix":7},"sk":{"a":0,"k":0,"ix":4},"sa":{"a":0,"k":0,"ix":5},"nm":"Transform"}],"nm":"Group 16","np":2,"cix":2,"bm":0,"ix":16,"mn":"ADBE Vector Group","hd":false},{"ty":"gr","it":[{"ind":0,"ty":"sh","ix":1,"ks":{"a":0,"k":{"i":[[0,0],[-15.095,0],[0,7.728],[12.962,2.465],[0,0],[0,27.726],[-44.565,0],[-6.979,-30.522],[0,0],[17.2,0],[0,-6.315],[-11.19,-2.437],[0,0],[0,-25.953],[46.282,0],[5.955,36.145]],"o":[[2.465,15.095],[14.735,0],[0,-5.955],[0,0],[-32.655,-5.955],[0,-36.117],[43.873,0],[0,0],[-1.744,-10.885],[-15.095,0],[0,4.93],[0,0],[33.348,7.008],[0,38.942],[-41.407,0],[0,0]],"v":[[-26.658,30.868],[4.557,51.559],[27.379,37.543],[9.82,24.553],[-25.938,17.546],[-77.178,-33.694],[-1.426,-93.327],[78.564,-42.806],[27.379,-32.613],[-2.118,-53.332],[-22.116,-39.648],[-8.793,-27.379],[32.614,-18.931],[81.389,34.027],[1.427,93.327],[-81.388,42.085]],"c":true},"ix":2},"nm":"Path 1","mn":"ADBE Vector Shape - Group","hd":false},{"ty":"fl","c":{"a":0,"k":[0.639215686275,0.937254961799,0.776470648074,1],"ix":4},"o":{"a":0,"k":100,"ix":5},"r":1,"bm":0,"nm":"Fill 1","mn":"ADBE Vector Graphic - Fill","hd":false},{"ty":"tr","p":{"a":0,"k":[1911.862,369.414],"ix":2},"a":{"a":0,"k":[0,0],"ix":1},"s":{"a":0,"k":[100,100],"ix":3},"r":{"a":0,"k":0,"ix":6},"o":{"a":0,"k":100,"ix":7},"sk":{"a":0,"k":0,"ix":4},"sa":{"a":0,"k":0,"ix":5},"nm":"Transform"}],"nm":"Group 17","np":2,"cix":2,"bm":0,"ix":17,"mn":"ADBE Vector Group","hd":false},{"ty":"gr","it":[{"ind":0,"ty":"sh","ix":1,"ks":{"a":0,"k":{"i":[[0,0],[0,0],[0,0],[22.767,0],[0,55.755],[-46.67,0],[-13.682,-12.27],[0,0],[0,0]],"o":[[0,0],[0,0],[-13.682,12.298],[-46.67,0],[0,-55.45],[22.767,0],[0,0],[0,0],[0,0]],"v":[[98.409,123.668],[42.266,123.668],[42.266,109.625],[-12.436,128.931],[-98.409,35.618],[-12.436,-57.721],[42.266,-38.417],[42.266,-128.932],[98.409,-128.932]],"c":true},"ix":2},"nm":"Path 1","mn":"ADBE Vector Shape - Group","hd":false},{"ind":1,"ty":"sh","ix":2,"ks":{"a":0,"k":{"i":[[0,27.365],[22.794,0],[0,-27.033],[-24.568,0]],"o":[[0,-27.033],[-24.568,0],[0,27.365],[22.794,0]],"v":[[42.266,35.618],[-0.858,-9.999],[-43.318,35.618],[-0.858,81.208]],"c":true},"ix":2},"nm":"Path 2","mn":"ADBE Vector Shape - Group","hd":false},{"ty":"mm","mm":1,"nm":"Merge Paths 1","mn":"ADBE Vector Filter - Merge","hd":false},{"ty":"fl","c":{"a":0,"k":[0.639215686275,0.937254961799,0.776470648074,1],"ix":4},"o":{"a":0,"k":100,"ix":5},"r":1,"bm":0,"nm":"Fill 1","mn":"ADBE Vector Graphic - Fill","hd":false},{"ty":"tr","p":{"a":0,"k":[1694.422,333.809],"ix":2},"a":{"a":0,"k":[0,0],"ix":1},"s":{"a":0,"k":[100,100],"ix":3},"r":{"a":0,"k":0,"ix":6},"o":{"a":0,"k":100,"ix":7},"sk":{"a":0,"k":0,"ix":4},"sa":{"a":0,"k":0,"ix":5},"nm":"Transform"}],"nm":"Group 18","np":4,"cix":2,"bm":0,"ix":18,"mn":"ADBE Vector Group","hd":false},{"ty":"gr","it":[{"ind":0,"ty":"sh","ix":1,"ks":{"a":0,"k":{"i":[[0,-17.2],[18.973,0],[0,17.892],[-18.945,0]],"o":[[0,17.892],[-18.945,0],[0,-17.2],[18.973,0]],"v":[[32.448,-98.048],[-0.181,-66.833],[-32.448,-98.048],[-0.181,-129.983]],"c":true},"ix":2},"nm":"Path 1","mn":"ADBE Vector Shape - Group","hd":false},{"ind":1,"ty":"sh","ix":2,"ks":{"a":0,"k":{"i":[[0,0],[0,0],[0,0],[0,0]],"o":[[0,0],[0,0],[0,0],[0,0]],"v":[[-28.238,-46.144],[27.905,-46.144],[27.905,129.983],[-28.238,129.983]],"c":true},"ix":2},"nm":"Path 2","mn":"ADBE Vector Shape - Group","hd":false},{"ty":"mm","mm":1,"nm":"Merge Paths 1","mn":"ADBE Vector Filter - Merge","hd":false},{"ty":"fl","c":{"a":0,"k":[0.639215686275,0.937254961799,0.776470648074,1],"ix":4},"o":{"a":0,"k":100,"ix":5},"r":1,"bm":0,"nm":"Fill 1","mn":"ADBE Vector Graphic - Fill","hd":false},{"ty":"tr","p":{"a":0,"k":[1527.365,327.491],"ix":2},"a":{"a":0,"k":[0,0],"ix":1},"s":{"a":0,"k":[100,100],"ix":3},"r":{"a":0,"k":0,"ix":6},"o":{"a":0,"k":100,"ix":7},"sk":{"a":0,"k":0,"ix":4},"sa":{"a":0,"k":0,"ix":5},"nm":"Transform"}],"nm":"Group 19","np":4,"cix":2,"bm":0,"ix":19,"mn":"ADBE Vector Group","hd":false},{"ty":"gr","it":[{"ind":0,"ty":"sh","ix":1,"ks":{"a":0,"k":{"i":[[0,0],[0,0],[-18.945,0],[-9.445,17.201],[0,0],[40.383,0],[0,55.783],[-51.24,0],[-1.052,-57.527]],"o":[[0,0],[4.542,21.05],[12.99,0],[0,0],[-15.067,37.198],[-50.852,0],[0,-55.422],[49.772,0],[0,0]],"v":[[92.108,14.389],[-36.99,14.389],[0.873,48.429],[38.403,28.071],[88.229,38.236],[0.873,93.326],[-92.107,-0.014],[1.26,-93.326],[92.108,-0.014]],"c":true},"ix":2},"nm":"Path 1","mn":"ADBE Vector Shape - Group","hd":false},{"ind":1,"ty":"sh","ix":2,"ks":{"a":0,"k":{"i":[[5.235,-17.893],[0,0],[16.12,0]],"o":[[0,0],[-5.235,-18.917],[-15.788,0]],"v":[[-35.938,-20.011],[36.658,-20.011],[1.26,-47.709]],"c":true},"ix":2},"nm":"Path 2","mn":"ADBE Vector Shape - Group","hd":false},{"ty":"mm","mm":1,"nm":"Merge Paths 1","mn":"ADBE Vector Filter - Merge","hd":false},{"ty":"fl","c":{"a":0,"k":[0.639215686275,0.937254961799,0.776470648074,1],"ix":4},"o":{"a":0,"k":100,"ix":5},"r":1,"bm":0,"nm":"Fill 1","mn":"ADBE Vector Graphic - Fill","hd":false},{"ty":"tr","p":{"a":0,"k":[1366.244,369.416],"ix":2},"a":{"a":0,"k":[0,0],"ix":1},"s":{"a":0,"k":[100,100],"ix":3},"r":{"a":0,"k":0,"ix":6},"o":{"a":0,"k":100,"ix":7},"sk":{"a":0,"k":0,"ix":4},"sa":{"a":0,"k":0,"ix":5},"nm":"Transform"}],"nm":"Group 20","np":4,"cix":2,"bm":0,"ix":20,"mn":"ADBE Vector Group","hd":false},{"ty":"gr","it":[{"ind":0,"ty":"sh","ix":1,"ks":{"a":0,"k":{"i":[[0,0],[0,0],[0,0],[0,0],[0,0],[0,0]],"o":[[0,0],[0,0],[0,0],[0,0],[0,0],[0,0]],"v":[[86.831,117.534],[-86.831,117.534],[-86.831,-117.534],[-28.944,-117.534],[-28.944,67.014],[86.831,67.014]],"c":true},"ix":2},"nm":"Path 1","mn":"ADBE Vector Shape - Group","hd":false},{"ty":"fl","c":{"a":0,"k":[0.639215686275,0.937254961799,0.776470648074,1],"ix":4},"o":{"a":0,"k":100,"ix":5},"r":1,"bm":0,"nm":"Fill 1","mn":"ADBE Vector Graphic - Fill","hd":false},{"ty":"tr","p":{"a":0,"k":[1157.755,339.944],"ix":2},"a":{"a":0,"k":[0,0],"ix":1},"s":{"a":0,"k":[100,100],"ix":3},"r":{"a":0,"k":0,"ix":6},"o":{"a":0,"k":100,"ix":7},"sk":{"a":0,"k":0,"ix":4},"sa":{"a":0,"k":0,"ix":5},"nm":"Transform"}],"nm":"Group 21","np":2,"cix":2,"bm":0,"ix":21,"mn":"ADBE Vector Group","hd":false},{"ty":"gr","it":[{"ind":0,"ty":"sh","ix":1,"ks":{"a":0,"k":{"i":[[0,0],[0,0],[0,0],[0,0],[0,0],[0,0],[0,0],[0,0],[0,0],[0,0],[0,0],[0,0]],"o":[[0,0],[0,0],[0,0],[0,0],[0,0],[0,0],[0,0],[0,0],[0,0],[0,0],[0,0],[0,0]],"v":[[-43.901,-109.695],[-43.901,21.922],[-175.491,21.922],[-261.076,-92.135],[-331.233,-39.51],[-219.364,109.695],[219.363,109.695],[331.233,-39.51],[261.047,-92.135],[175.491,21.922],[43.872,21.922],[43.872,-109.695]],"c":true},"ix":2},"nm":"Path 1","mn":"ADBE Vector Shape - Group","hd":false},{"ty":"fl","c":{"a":0,"k":[0.639215686275,0.937254961799,0.776470648074,1],"ix":4},"o":{"a":0,"k":100,"ix":5},"r":1,"bm":0,"nm":"Fill 1","mn":"ADBE Vector Graphic - Fill","hd":false},{"ty":"tr","p":{"a":0,"k":[351.003,109.696],"ix":2},"a":{"a":0,"k":[0,0],"ix":1},"s":{"a":0,"k":[100,100],"ix":3},"r":{"a":0,"k":0,"ix":6},"o":{"a":0,"k":100,"ix":7},"sk":{"a":0,"k":0,"ix":4},"sa":{"a":0,"k":0,"ix":5},"nm":"Transform"}],"nm":"Group 22","np":2,"cix":2,"bm":0,"ix":22,"mn":"ADBE Vector Group","hd":false},{"ty":"gr","it":[{"ind":0,"ty":"sh","ix":1,"ks":{"a":0,"k":{"i":[[0,72.567],[0,0],[72.595,0],[0,72.567],[0,0],[72.567,0],[0,0],[-40.051,53.455],[-71.791,0],[-40.05,53.455],[-71.792,0],[0,0]],"o":[[0,0],[0,72.567],[-72.567,0],[0,0],[0,72.567],[0,0],[71.792,0],[40.05,53.455],[71.819,0],[40.051,53.455],[0,0],[-72.595,0]],"v":[[219.377,-109.695],[131.604,-109.695],[-0.014,21.922],[-131.604,-109.695],[-219.377,-109.695],[-350.995,21.922],[-350.995,109.695],[-175.504,21.396],[-0.014,109.695],[175.504,21.396],[350.995,109.695],[350.995,21.922]],"c":true},"ix":2},"nm":"Path 1","mn":"ADBE Vector Shape - Group","hd":false},{"ty":"fl","c":{"a":0,"k":[0.639215686275,0.937254961799,0.776470648074,1],"ix":4},"o":{"a":0,"k":100,"ix":5},"r":1,"bm":0,"nm":"Fill 1","mn":"ADBE Vector Graphic - Fill","hd":false},{"ty":"tr","p":{"a":0,"k":[355.995,460.679],"ix":2},"a":{"a":0,"k":[0,0],"ix":1},"s":{"a":0,"k":[100,100],"ix":3},"r":{"a":0,"k":0,"ix":6},"o":{"a":0,"k":100,"ix":7},"sk":{"a":0,"k":0,"ix":4},"sa":{"a":0,"k":0,"ix":5},"nm":"Transform"}],"nm":"Group 23","np":4,"cix":2,"bm":0,"ix":23,"mn":"ADBE Vector Group","hd":false},{"ty":"gr","it":[{"ind":0,"ty":"sh","ix":1,"ks":{"a":0,"k":{"i":[[59.937,22.213],[0,0],[0,-27.42],[36.283,0],[0,36.284],[-25.676,9.528],[0,0],[0,-63.953],[-84.671,0],[0,84.671]],"o":[[0,0],[25.703,9.528],[0,36.284],[-36.311,0],[0,-27.42],[0,0],[-59.909,22.213],[0,84.671],[84.671,0],[0,-63.953]],"v":[[53.345,-148.79],[22.85,-66.529],[65.809,-4.764],[0,61.045],[-65.809,-4.764],[-22.878,-66.529],[-53.373,-148.79],[-153.554,-4.764],[0,148.79],[153.554,-4.764]],"c":true},"ix":2},"nm":"Path 1","mn":"ADBE Vector Shape - Group","hd":false},{"ty":"fl","c":{"a":0,"k":[0.639215686275,0.937254961799,0.776470648074,1],"ix":4},"o":{"a":0,"k":100,"ix":5},"r":1,"bm":0,"nm":"Fill 1","mn":"ADBE Vector Graphic - Fill","hd":false},{"ty":"tr","p":{"a":0,"k":[351,816.43],"ix":2},"a":{"a":0,"k":[0,0],"ix":1},"s":{"a":0,"k":[100,100],"ix":3},"r":{"a":0,"k":0,"ix":6},"o":{"a":0,"k":100,"ix":7},"sk":{"a":0,"k":0,"ix":4},"sa":{"a":0,"k":0,"ix":5},"nm":"Transform"}],"nm":"Group 24","np":2,"cix":2,"bm":0,"ix":24,"mn":"ADBE Vector Group","hd":false}],"ip":0,"op":260,"st":0,"bm":0},{"id":"wq2tiqev1t","ty":99},{"id":"z3u9rwiiw2","ty":99},{"ddd":0,"ind":6,"ty":4,"nm":"Shape Layer 2","sr":1,"ks":{"o":{"a":0,"k":100,"ix":11},"r":{"a":0,"k":0,"ix":10},"p":{"a":1,"k":[{"i":{"x":0.833,"y":0.833},"o":{"x":0.167,"y":0.167},"t":91,"s":[350.8,48.3,0],"to":[0,0,0],"ti":[0,0,0]},{"t":99,"s":[451.12,-291.6,0]}],"ix":2,"l":2},"a":{"a":0,"k":[0,0,0],"ix":1,"l":2},"s":{"a":0,"k":[66,66,100],"ix":6,"l":2}},"ao":0,"shapes":[{"ty":"gr","it":[{"ty":"rc","d":1,"s":{"a":0,"k":[266.082,242.23],"ix":2},"p":{"a":0,"k":[0,0],"ix":3},"r":{"a":0,"k":0,"ix":4},"nm":"Rectangle Path 1","mn":"ADBE Vector Shape - Rect","hd":false},{"ty":"fl","c":{"a":0,"k":[0.639215686275,0.937254901961,0.776470588235,1],"ix":4},"o":{"a":0,"k":100,"ix":5},"r":1,"bm":8,"nm":"Fill 1","mn":"ADBE Vector Graphic - Fill","hd":false},{"ty":"tr","p":{"a":0,"k":[-125.518,254.717],"ix":2},"a":{"a":0,"k":[0,0],"ix":1},"s":{"a":0,"k":[25.286,100],"ix":3},"r":{"a":0,"k":13.494,"ix":6},"o":{"a":0,"k":100,"ix":7},"sk":{"a":0,"k":0,"ix":4},"sa":{"a":0,"k":0,"ix":5},"nm":"Transform"}],"nm":"Rectangle 1","np":3,"cix":2,"bm":0,"ix":1,"mn":"ADBE Vector Group","hd":false}],"ip":0,"op":260,"st":0,"bm":0},{"ddd":0,"ind":7,"ty":4,"nm":"Shape Layer 3","sr":1,"ks":{"o":{"a":0,"k":100,"ix":11},"r":{"a":0,"k":0,"ix":10},"p":{"a":1,"k":[{"i":{"x":0.833,"y":0.833},"o":{"x":0.167,"y":0.167},"t":91,"s":[532.96,-300.18,0],"to":[0,0,0],"ti":[0,0,0]},{"t":99,"s":[432.64,58.86,0]}],"ix":2,"l":2},"a":{"a":0,"k":[0,0,0],"ix":1,"l":2},"s":{"a":0,"k":[66,66,100],"ix":6,"l":2}},"ao":0,"shapes":[{"ty":"gr","it":[{"ty":"rc","d":1,"s":{"a":0,"k":[266.082,242.23],"ix":2},"p":{"a":0,"k":[0,0],"ix":3},"r":{"a":0,"k":0,"ix":4},"nm":"Rectangle Path 1","mn":"ADBE Vector Shape - Rect","hd":false},{"ty":"fl","c":{"a":0,"k":[0.639215686275,0.937254901961,0.776470588235,1],"ix":4},"o":{"a":0,"k":100,"ix":5},"r":1,"bm":8,"nm":"Fill 1","mn":"ADBE Vector Graphic - Fill","hd":false},{"ty":"tr","p":{"a":0,"k":[-125.518,254.717],"ix":2},"a":{"a":0,"k":[0,0],"ix":1},"s":{"a":0,"k":[25.286,100],"ix":3},"r":{"a":0,"k":13.494,"ix":6},"o":{"a":0,"k":100,"ix":7},"sk":{"a":0,"k":0,"ix":4},"sa":{"a":0,"k":0,"ix":5},"nm":"Transform"}],"nm":"Rectangle 1","np":3,"cix":2,"bm":0,"ix":1,"mn":"ADBE Vector Group","hd":false}],"ip":0,"op":260,"st":0,"bm":0},{"ddd":0,"ind":8,"ty":0,"nm":"LV-logo-animatie","refId":"comp_0","sr":1,"ks":{"o":{"a":0,"k":100,"ix":11},"r":{"a":0,"k":0,"ix":10},"p":{"a":0,"k":[366.64,44.5,0],"ix":2,"l":2},"a":{"a":0,"k":[1920,1920,0],"ix":1,"l":2},"s":{"a":0,"k":[12.616,12.616,100],"ix":6,"l":2}},"ao":0,"w":3840,"h":3840,"ip":39,"op":339,"st":39,"bm":0},{"ddd":0,"ind":9,"ty":5,"nm":"Meer te doen  in je eigen gemeente!","sr":1,"ks":{"o":{"a":0,"k":100,"ix":11},"r":{"a":0,"k":0,"ix":10},"p":{"a":0,"k":[203.472,45.5,0],"ix":2,"l":2},"a":{"a":0,"k":[12.105,-224.74,0],"ix":1,"l":2},"s":{"a":0,"k":[32.268,32.268,100],"ix":6,"l":2}},"ao":0,"t":{"d":{"k":[{"s":{"sz":[1238.56115722656,656],"ps":[-508,-328],"s":100,"f":"GalanoGrotesque-Bold","t":"Meer te doen \rin je eigen gemeente!","ca":0,"j":0,"tr":0,"lh":120.000007629395,"ls":0,"fc":[1,1,1]},"t":0}]},"p":{},"m":{"g":1,"a":{"a":0,"k":[0,0],"ix":2}},"a":[{"nm":"Animator 1","s":{"t":0,"xe":{"a":0,"k":0,"ix":7},"ne":{"a":0,"k":0,"ix":8},"a":{"a":0,"k":100,"ix":4},"b":1,"rn":0,"sh":1,"sm":{"a":0,"k":0,"ix":6},"s":{"a":1,"k":[{"i":{"x":[0.833],"y":[0.833]},"o":{"x":[0.167],"y":[0.167]},"t":8,"s":[0]},{"i":{"x":[0.833],"y":[0.833]},"o":{"x":[0.167],"y":[0.167]},"t":35.6,"s":[100]},{"i":{"x":[0.833],"y":[0.833]},"o":{"x":[0.167],"y":[0.167]},"t":86,"s":[100]},{"t":92,"s":[0]}],"ix":1},"r":1},"a":{"o":{"a":0,"k":0,"ix":9}}}]},"ip":0,"op":260,"st":0,"bm":0},{"ddd":0,"ind":10,"ty":4,"nm":"Shape Layer 1","sr":1,"ks":{"o":{"a":0,"k":100,"ix":11},"r":{"a":0,"k":-6,"ix":10},"p":{"a":1,"k":[{"i":{"x":0.833,"y":0.833},"o":{"x":0.167,"y":0.167},"t":0,"s":[-254.9,54.76,0],"to":[0,0,0],"ti":[0,0,0]},{"i":{"x":0.833,"y":0.833},"o":{"x":0.167,"y":0.167},"t":8,"s":[202,45,0],"to":[0,0,0],"ti":[0,0,0]},{"i":{"x":0.833,"y":0.833},"o":{"x":0.167,"y":0.167},"t":86,"s":[202,45,0],"to":[0,0,0],"ti":[0,0,0]},{"t":92,"s":[359.72,30.18,0]}],"ix":2,"l":2},"a":{"a":0,"k":[-383.808,181.346,0],"ix":1,"l":2},"s":{"a":1,"k":[{"i":{"x":[0.833,0.833,0.833],"y":[0.833,0.833,0.833]},"o":{"x":[0.167,0.167,0.167],"y":[0.167,0.167,0.167]},"t":8,"s":[11.284,10.253,100]},{"i":{"x":[0.833,0.833,0.833],"y":[0.833,0.833,0.833]},"o":{"x":[0.167,0.167,0.167],"y":[0.167,0.167,0.167]},"t":86,"s":[11.284,10.253,100]},{"t":92,"s":[20.461,17.053,100]}],"ix":6,"l":2}},"ao":0,"shapes":[{"ty":"gr","it":[{"ty":"rc","d":1,"s":{"a":0,"k":[3699.094,1658.469],"ix":2},"p":{"a":0,"k":[0,0],"ix":3},"r":{"a":0,"k":0,"ix":4},"nm":"Rectangle Path 1","mn":"ADBE Vector Shape - Rect","hd":false},{"ty":"fl","c":{"a":0,"k":[0,0.011764706112,0.333333343267,1],"ix":4},"o":{"a":0,"k":100,"ix":5},"r":1,"bm":0,"nm":"Fill 1","mn":"ADBE Vector Graphic - Fill","hd":false},{"ty":"tr","p":{"a":0,"k":[-382.453,161.234],"ix":2},"a":{"a":0,"k":[0,0],"ix":1},"s":{"a":0,"k":[100,100],"ix":3},"r":{"a":0,"k":0,"ix":6},"o":{"a":0,"k":100,"ix":7},"sk":{"a":0,"k":0,"ix":4},"sa":{"a":0,"k":0,"ix":5},"nm":"Transform"}],"nm":"Rectangle 1","np":3,"cix":2,"bm":0,"ix":1,"mn":"ADBE Vector Group","hd":false}],"ip":0,"op":260,"st":0,"bm":0},{"ddd":0,"ind":11,"ty":2,"nm":"Tekst-achter-728x90.png","cl":"png","refId":"image_0","sr":1,"ks":{"o":{"a":0,"k":100,"ix":11},"r":{"a":0,"k":0,"ix":10},"p":{"a":0,"k":[364,45,0],"ix":2,"l":2},"a":{"a":0,"k":[364,45,0],"ix":1,"l":2},"s":{"a":0,"k":[100,100,100],"ix":6,"l":2}},"ao":0,"ip":0,"op":260,"st":0,"bm":0}],"markers":[],"chars":[{"ch":"M","size":100,"style":"Bold","w":88.9,"data":{"shapes":[{"ty":"gr","it":[{"ind":0,"ty":"sh","ix":1,"ks":{"a":0,"k":{"i":[[0,0],[0,0],[0,0],[0,0],[0,0],[0,0],[0,0],[0,0],[0,0],[0,0],[0,0],[0,0],[0,0]],"o":[[0,0],[0,0],[0,0],[0,0],[0,0],[0,0],[0,0],[0,0],[0,0],[0,0],[0,0],[0,0],[0,0]],"v":[[83.688,-67.474],[67.474,-67.474],[44.815,-24.673],[22.156,-67.474],[5.841,-67.474],[5.841,0],[21.954,0],[21.954,-36.154],[40.988,0],[48.642,0],[67.575,-35.953],[67.575,0],[83.688,0]],"c":true},"ix":2},"nm":"M","mn":"ADBE Vector Shape - Group","hd":false}],"nm":"M","np":3,"cix":2,"bm":0,"ix":1,"mn":"ADBE Vector Group","hd":false}]},"fFamily":"Galano Grotesque"},{"ch":"e","size":100,"style":"Bold","w":57.5,"data":{"shapes":[{"ty":"gr","it":[{"ind":0,"ty":"sh","ix":1,"ks":{"a":0,"k":{"i":[[0,0],[14.301,0],[0,-15.912],[-14.603,0],[-4.33,10.675],[0,0],[3.726,0],[1.309,6.042],[0,0]],"o":[[-0.302,-16.516],[-14.703,0],[0,16.013],[11.581,0],[0,0],[-2.719,4.935],[-5.438,0],[0,0],[0,0]],"v":[[55.389,-25.278],[29.306,-52.066],[2.518,-25.278],[29.205,1.511],[54.282,-14.301],[39.981,-17.221],[29.205,-11.38],[18.329,-21.149],[55.389,-21.149]],"c":true},"ix":2},"nm":"e","mn":"ADBE Vector Shape - Group","hd":false},{"ind":1,"ty":"sh","ix":2,"ks":{"a":0,"k":{"i":[[-4.532,0],[-1.511,-5.438],[0,0]],"o":[[4.633,0],[0,0],[1.511,-5.136]],"v":[[29.306,-38.974],[39.478,-31.018],[18.631,-31.018]],"c":true},"ix":2},"nm":"e","mn":"ADBE Vector Shape - Group","hd":false}],"nm":"e","np":5,"cix":2,"bm":0,"ix":1,"mn":"ADBE Vector Group","hd":false}]},"fFamily":"Galano Grotesque"},{"ch":"r","size":100,"style":"Bold","w":43.7,"data":{"shapes":[{"ty":"gr","it":[{"ind":0,"ty":"sh","ix":1,"ks":{"a":0,"k":{"i":[[1.41,0],[3.625,-6.042],[0,0],[0,0],[0,0],[0,0],[0,0],[-11.279,0],[0,0],[0,0]],"o":[[-8.258,0],[0,0],[0,0],[0,0],[0,0],[0,0],[0,-13.092],[0,0],[0,0],[-1.208,-0.302]],"v":[[39.377,-51.26],[21.954,-40.887],[21.954,-50.555],[5.841,-50.555],[5.841,0],[21.954,0],[21.954,-15.811],[39.377,-34.744],[42.297,-34.744],[43.002,-50.858]],"c":true},"ix":2},"nm":"r","mn":"ADBE Vector Shape - Group","hd":false}],"nm":"r","np":3,"cix":2,"bm":0,"ix":1,"mn":"ADBE Vector Group","hd":false}]},"fFamily":"Galano Grotesque"},{"ch":" ","size":100,"style":"Bold","w":23.2,"data":{},"fFamily":"Galano Grotesque"},{"ch":"t","size":100,"style":"Bold","w":43.3,"data":{"shapes":[{"ty":"gr","it":[{"ind":0,"ty":"sh","ix":1,"ks":{"a":0,"k":{"i":[[0,0],[2.216,0],[0,5.237],[0,0],[0,0],[0,0],[0,0],[0,0],[0,0],[0,0],[0,0],[0,0],[0,0],[0,0],[-12.589,0],[-3.928,2.115]],"o":[[-2.115,1.208],[-4.23,0],[0,0],[0,0],[0,0],[0,0],[0,0],[0,0],[0,0],[0,0],[0,0],[0,0],[0,0],[0,13.293],[5.74,0],[0,0]],"v":[[39.578,-14.905],[32.227,-12.891],[25.479,-20.242],[25.479,-37.766],[40.384,-37.766],[40.384,-50.555],[25.479,-50.555],[25.479,-65.46],[9.366,-65.46],[9.366,-50.555],[0.201,-50.555],[0.201,-37.766],[9.366,-37.766],[9.366,-18.631],[29.507,1.511],[43.304,-2.216]],"c":true},"ix":2},"nm":"t","mn":"ADBE Vector Shape - Group","hd":false}],"nm":"t","np":3,"cix":2,"bm":0,"ix":1,"mn":"ADBE Vector Group","hd":false}]},"fFamily":"Galano Grotesque"},{"ch":"d","size":100,"style":"Bold","w":64.4,"data":{"shapes":[{"ty":"gr","it":[{"ind":0,"ty":"sh","ix":1,"ks":{"a":0,"k":{"i":[[0,0],[0,0],[0,0],[6.546,0],[0,-15.912],[-13.394,0],[-3.928,3.525],[0,0],[0,0]],"o":[[0,0],[0,0],[-3.928,-3.525],[-13.394,0],[0,16.013],[6.546,0],[0,0],[0,0],[0,0]],"v":[[59.015,-72.51],[42.902,-72.51],[42.902,-46.527],[27.191,-52.066],[2.518,-25.278],[27.191,1.511],[42.902,-4.028],[42.902,0],[59.015,0]],"c":true},"ix":2},"nm":"d","mn":"ADBE Vector Shape - Group","hd":false},{"ind":1,"ty":"sh","ix":2,"ks":{"a":0,"k":{"i":[[6.546,0],[0,7.855],[-7.05,0],[0,-7.755]],"o":[[-7.05,0],[0,-7.755],[6.546,0],[0,7.855]],"v":[[30.515,-12.186],[18.329,-25.278],[30.515,-38.37],[42.902,-25.278]],"c":true},"ix":2},"nm":"d","mn":"ADBE Vector Shape - Group","hd":false}],"nm":"d","np":5,"cix":2,"bm":0,"ix":1,"mn":"ADBE Vector Group","hd":false}]},"fFamily":"Galano Grotesque"},{"ch":"o","size":100,"style":"Bold","w":60.3,"data":{"shapes":[{"ty":"gr","it":[{"ind":0,"ty":"sh","ix":1,"ks":{"a":0,"k":{"i":[[15.005,0],[0,-15.912],[-15.308,0],[0,16.013]],"o":[[-15.308,0],[0,16.013],[15.005,0],[0,-15.912]],"v":[[30.515,-51.865],[2.518,-25.278],[30.515,1.41],[58.209,-25.278]],"c":true},"ix":2},"nm":"o","mn":"ADBE Vector Shape - Group","hd":false},{"ind":1,"ty":"sh","ix":2,"ks":{"a":0,"k":{"i":[[6.244,0],[0,7.956],[-6.546,0],[0,-7.855]],"o":[[-6.546,0],[0,-7.855],[6.244,0],[0,7.956]],"v":[[30.515,-12.186],[18.027,-25.278],[30.515,-38.37],[42.7,-25.278]],"c":true},"ix":2},"nm":"o","mn":"ADBE Vector Shape - Group","hd":false}],"nm":"o","np":5,"cix":2,"bm":0,"ix":1,"mn":"ADBE Vector Group","hd":false}]},"fFamily":"Galano Grotesque"},{"ch":"n","size":100,"style":"Bold","w":61.8,"data":{"shapes":[{"ty":"gr","it":[{"ind":0,"ty":"sh","ix":1,"ks":{"a":0,"k":{"i":[[11.783,0],[3.827,-4.028],[0,0],[0,0],[0,0],[0,0],[0,0],[-6.345,0],[0,-5.942],[0,0],[0,0],[0,0]],"o":[[-6.345,0],[0,0],[0,0],[0,0],[0,0],[0,0],[0,-9.769],[5.136,0],[0,0],[0,0],[0,0],[0,-12.689]],"v":[[37.463,-52.066],[21.954,-45.721],[21.954,-50.555],[5.841,-50.555],[5.841,0],[21.954,0],[21.954,-23.465],[32.428,-37.564],[41.089,-27.594],[41.089,0],[57.101,0],[57.101,-31.018]],"c":true},"ix":2},"nm":"n","mn":"ADBE Vector Shape - Group","hd":false}],"nm":"n","np":3,"cix":2,"bm":0,"ix":1,"mn":"ADBE Vector Group","hd":false}]},"fFamily":"Galano Grotesque"},{"ch":"\r","size":100,"style":"Bold","w":0,"fFamily":"Galano Grotesque"},{"ch":"i","size":100,"style":"Bold","w":29.2,"data":{"shapes":[{"ty":"gr","it":[{"ind":0,"ty":"sh","ix":1,"ks":{"a":0,"k":{"i":[[5.438,0],[0,-4.935],[-5.438,0],[0,5.136]],"o":[[-5.438,0],[0,5.136],[5.438,0],[0,-4.935]],"v":[[14.703,-74.625],[5.438,-65.46],[14.703,-56.497],[24.069,-65.46]],"c":true},"ix":2},"nm":"i","mn":"ADBE Vector Shape - Group","hd":false},{"ind":1,"ty":"sh","ix":2,"ks":{"a":0,"k":{"i":[[0,0],[0,0],[0,0],[0,0]],"o":[[0,0],[0,0],[0,0],[0,0]],"v":[[22.76,0],[22.76,-50.555],[6.647,-50.555],[6.647,0]],"c":true},"ix":2},"nm":"i","mn":"ADBE Vector Shape - Group","hd":false}],"nm":"i","np":5,"cix":2,"bm":0,"ix":1,"mn":"ADBE Vector Group","hd":false}]},"fFamily":"Galano Grotesque"},{"ch":"j","size":100,"style":"Bold","w":30.3,"data":{"shapes":[{"ty":"gr","it":[{"ind":0,"ty":"sh","ix":1,"ks":{"a":0,"k":{"i":[[5.438,0],[0,-4.935],[-5.438,0],[0,5.136]],"o":[[-5.438,0],[0,5.136],[5.438,0],[0,-4.935]],"v":[[15.811,-74.625],[6.546,-65.46],[15.811,-56.497],[25.177,-65.46]],"c":true},"ix":2},"nm":"j","mn":"ADBE Vector Shape - Group","hd":false},{"ind":1,"ty":"sh","ix":2,"ks":{"a":0,"k":{"i":[[0,0],[-4.633,0],[0,9.769],[0,0],[0,0],[0,0],[2.518,0],[1.611,0.504]],"o":[[2.719,1.108],[9.769,0],[0,0],[0,0],[0,0],[0,2.417],[-1.007,0],[0,0]],"v":[[-2.719,16.013],[7.855,18.127],[23.969,1.913],[23.969,-50.555],[7.956,-50.555],[7.956,0.101],[3.726,4.129],[-0.302,3.323]],"c":true},"ix":2},"nm":"j","mn":"ADBE Vector Shape - Group","hd":false}],"nm":"j","np":5,"cix":2,"bm":0,"ix":1,"mn":"ADBE Vector Group","hd":false}]},"fFamily":"Galano Grotesque"},{"ch":"g","size":100,"style":"Bold","w":63.4,"data":{"shapes":[{"ty":"gr","it":[{"ind":0,"ty":"sh","ix":1,"ks":{"a":0,"k":{"i":[[0,0],[0,0],[0,0],[6.546,0],[0,-13.998],[-13.193,0],[-3.625,3.122],[0,0],[7.352,0],[3.827,4.532],[0,0],[-11.581,0],[0,15.61]],"o":[[0,0],[0,0],[-3.625,-3.122],[-13.193,0],[0,14.301],[6.546,0],[0,0],[0,7.956],[-5.237,0],[0,0],[4.935,8.157],[16.415,0],[0,0]],"v":[[57.907,-50.555],[42.096,-50.555],[42.096,-47.232],[26.889,-52.066],[2.518,-27.695],[26.889,-2.921],[42.096,-7.755],[42.096,-6.345],[29.507,5.942],[17.624,-0.302],[4.23,6.949],[29.608,19.135],[57.907,-5.035]],"c":true},"ix":2},"nm":"g","mn":"ADBE Vector Shape - Group","hd":false},{"ind":1,"ty":"sh","ix":2,"ks":{"a":0,"k":{"i":[[6.445,0],[0,6.747],[-7.05,0],[0,-6.747]],"o":[[-7.05,0],[0,-6.747],[6.445,0],[0,6.747]],"v":[[30.313,-16.113],[18.228,-27.695],[30.313,-39.175],[42.096,-27.695]],"c":true},"ix":2},"nm":"g","mn":"ADBE Vector Shape - Group","hd":false}],"nm":"g","np":5,"cix":2,"bm":0,"ix":1,"mn":"ADBE Vector Group","hd":false}]},"fFamily":"Galano Grotesque"},{"ch":"m","size":100,"style":"Bold","w":95.1,"data":{"shapes":[{"ty":"gr","it":[{"ind":0,"ty":"sh","ix":1,"ks":{"a":0,"k":{"i":[[10.776,0],[4.028,-5.237],[7.05,0],[3.424,-3.827],[0,0],[0,0],[0,0],[0,0],[0,0],[-5.841,0],[0,-5.74],[0,0],[0,0],[0,0],[-5.942,0],[0,-5.74],[0,0],[0,0],[0,0]],"o":[[-7.855,0],[-3.424,-5.539],[-6.546,0],[0,0],[0,0],[0,0],[0,0],[0,0],[0,-8.459],[4.834,0],[0,0],[0,0],[0,0],[0,-8.459],[4.733,0],[0,0],[0,0],[0,0],[0,-12.286]],"v":[[71.301,-52.066],[53.375,-43.506],[36.859,-52.066],[21.954,-45.923],[21.954,-50.555],[5.841,-50.555],[5.841,0],[21.954,0],[21.954,-24.774],[31.622,-37.564],[40.182,-28.198],[40.182,0],[56.296,0],[56.296,-24.774],[66.165,-37.564],[74.625,-28.198],[74.625,0],[90.637,0],[90.637,-31.622]],"c":true},"ix":2},"nm":"m","mn":"ADBE Vector Shape - Group","hd":false}],"nm":"m","np":3,"cix":2,"bm":0,"ix":1,"mn":"ADBE Vector Group","hd":false}]},"fFamily":"Galano Grotesque"},{"ch":"!","size":100,"style":"Bold","w":29.7,"data":{"shapes":[{"ty":"gr","it":[{"ind":0,"ty":"sh","ix":1,"ks":{"a":0,"k":{"i":[[0,0],[0,0],[0,0],[0,0],[0,0],[0,0]],"o":[[0,0],[0,0],[0,0],[0,0],[0,0],[0,0]],"v":[[23.969,-67.474],[6.042,-67.474],[6.042,-64.352],[7.05,-23.062],[22.961,-23.062],[23.969,-64.352]],"c":true},"ix":2},"nm":"!","mn":"ADBE Vector Shape - Group","hd":false},{"ind":1,"ty":"sh","ix":2,"ks":{"a":0,"k":{"i":[[5.338,0],[0,-4.834],[-5.438,0],[0,5.035]],"o":[[-5.438,0],[0,5.035],[5.338,0],[0,-4.834]],"v":[[15.207,-17.322],[5.942,-8.359],[15.207,0.504],[24.371,-8.359]],"c":true},"ix":2},"nm":"!","mn":"ADBE Vector Shape - Group","hd":false}],"nm":"!","np":5,"cix":2,"bm":0,"ix":1,"mn":"ADBE Vector Group","hd":false}]},"fFamily":"Galano Grotesque"},{"ch":"G","size":100,"style":"Regular","w":79.5,"data":{"shapes":[{"ty":"gr","it":[{"ind":0,"ty":"sh","ix":1,"ks":{"a":0,"k":{"i":[[0,0],[0,0],[0,0],[14.401,0],[0,15.509],[-15.106,0],[-4.733,-9.769],[0,0],[14.703,0],[0,-19.638],[-19.739,0],[0,19.537],[0.101,1.309]],"o":[[0,0],[0,0],[-1.611,13.596],[-15.308,0],[0,-15.509],[10.776,0],[0,0],[-4.834,-12.387],[-19.537,0],[0,19.638],[20.041,0],[0,-1.007],[0,0]],"v":[[37.061,-37.061],[37.061,-29.81],[66.87,-29.81],[40.887,-6.143],[13.596,-33.737],[40.485,-61.331],[65.158,-46.729],[72.308,-49.246],[40.485,-68.784],[5.539,-33.737],[40.686,1.309],[74.524,-33.636],[74.423,-37.061]],"c":true},"ix":2},"nm":"G","mn":"ADBE Vector Shape - Group","hd":false}],"nm":"G","np":3,"cix":2,"bm":0,"ix":1,"mn":"ADBE Vector Group","hd":false}]},"fFamily":"Galano Grotesque"},{"ch":"a","size":100,"style":"Regular","w":64.4,"data":{"shapes":[{"ty":"gr","it":[{"ind":0,"ty":"sh","ix":1,"ks":{"a":0,"k":{"i":[[0,0],[0,0],[0,0],[8.258,0],[0,-15.71],[-13.193,0],[-4.431,5.841],[0,0],[0,0]],"o":[[0,0],[0,0],[-4.431,-5.841],[-13.193,0],[0,15.71],[8.258,0],[0,0],[0,0],[0,0]],"v":[[55.994,-49.649],[48.34,-49.649],[48.34,-41.693],[28.601,-50.858],[3.827,-24.774],[28.601,1.309],[48.34,-7.855],[48.34,0],[55.994,0]],"c":true},"ix":2},"nm":"a","mn":"ADBE Vector Shape - Group","hd":false},{"ind":1,"ty":"sh","ix":2,"ks":{"a":0,"k":{"i":[[9.366,0],[0,11.783],[-10.272,0],[0,-11.884]],"o":[[-10.272,0],[0,-11.884],[9.366,0],[0,11.783]],"v":[[29.81,-5.539],[11.279,-24.774],[29.81,-44.11],[48.34,-24.774]],"c":true},"ix":2},"nm":"a","mn":"ADBE Vector Shape - Group","hd":false}],"nm":"a","np":5,"cix":2,"bm":0,"ix":1,"mn":"ADBE Vector Group","hd":false}]},"fFamily":"Galano Grotesque"},{"ch":" ","size":100,"style":"Regular","w":25.2,"data":{},"fFamily":"Galano Grotesque"},{"ch":"n","size":100,"style":"Regular","w":62.4,"data":{"shapes":[{"ty":"gr","it":[{"ind":0,"ty":"sh","ix":1,"ks":{"a":0,"k":{"i":[[11.984,0],[4.028,-6.042],[0,0],[0,0],[0,0],[0,0],[0,0],[-10.373,0],[0,-9.265],[0,0],[0,0],[0,0]],"o":[[-8.359,0],[0,0],[0,0],[0,0],[0,0],[0,0],[0,-12.891],[8.258,0],[0,0],[0,0],[0,0],[0,-12.589]],"v":[[35.248,-50.858],[16.516,-41.391],[16.516,-49.649],[8.862,-49.649],[8.862,0],[16.516,0],[16.516,-23.868],[33.737,-43.808],[47.534,-28.299],[47.534,0],[55.188,0],[55.188,-29.709]],"c":true},"ix":2},"nm":"n","mn":"ADBE Vector Shape - Group","hd":false}],"nm":"n","np":3,"cix":2,"bm":0,"ix":1,"mn":"ADBE Vector Group","hd":false}]},"fFamily":"Galano Grotesque"},{"ch":"r","size":100,"style":"Regular","w":41.2,"data":{"shapes":[{"ty":"gr","it":[{"ind":0,"ty":"sh","ix":1,"ks":{"a":0,"k":{"i":[[1.208,0],[4.028,-7.352],[0,0],[0,0],[0,0],[0,0],[0,0],[-13.193,0],[-0.906,-0.101],[0,0]],"o":[[-9.164,0],[0,0],[0,0],[0,0],[0,0],[0,0],[0,-13.394],[0.906,0],[0,0],[-1.41,-0.403]],"v":[[36.557,-50.153],[16.617,-37.463],[16.617,-49.649],[8.862,-49.649],[8.862,0],[16.617,0],[16.617,-19.135],[36.557,-42.499],[39.478,-42.398],[40.082,-49.75]],"c":true},"ix":2},"nm":"r","mn":"ADBE Vector Shape - Group","hd":false}],"nm":"r","np":3,"cix":2,"bm":0,"ix":1,"mn":"ADBE Vector Group","hd":false}]},"fFamily":"Galano Grotesque"},{"ch":"L","size":100,"style":"Bold","w":58.7,"data":{"shapes":[{"ty":"gr","it":[{"ind":0,"ty":"sh","ix":1,"ks":{"a":0,"k":{"i":[[0,0],[0,0],[0,0],[0,0],[0,0],[0,0]],"o":[[0,0],[0,0],[0,0],[0,0],[0,0],[0,0]],"v":[[55.692,-14.502],[22.458,-14.502],[22.458,-67.474],[5.841,-67.474],[5.841,0],[55.692,0]],"c":true},"ix":2},"nm":"L","mn":"ADBE Vector Shape - Group","hd":false}],"nm":"L","np":3,"cix":2,"bm":0,"ix":1,"mn":"ADBE Vector Group","hd":false}]},"fFamily":"Galano Grotesque"},{"ch":"V","size":100,"style":"Bold","w":74.3,"data":{"shapes":[{"ty":"gr","it":[{"ind":0,"ty":"sh","ix":1,"ks":{"a":0,"k":{"i":[[0,0],[0,0],[0,0],[0,0],[0,0],[0,0],[0,0]],"o":[[0,0],[0,0],[0,0],[0,0],[0,0],[0,0],[0,0]],"v":[[74.121,-67.474],[55.792,-67.474],[37.363,-22.76],[19.034,-67.474],[0.705,-67.474],[29.407,0],[45.419,0]],"c":true},"ix":2},"nm":"V","mn":"ADBE Vector Shape - Group","hd":false}],"nm":"V","np":3,"cix":2,"bm":0,"ix":1,"mn":"ADBE Vector Group","hd":false}]},"fFamily":"Galano Grotesque"},{"ch":"v","size":100,"style":"Bold","w":59.3,"data":{"shapes":[{"ty":"gr","it":[{"ind":0,"ty":"sh","ix":1,"ks":{"a":0,"k":{"i":[[0,0],[0,0],[0,0],[0,0],[0,0],[0,0],[0,0]],"o":[[0,0],[0,0],[0,0],[0,0],[0,0],[0,0],[0,0]],"v":[[59.015,-50.656],[41.995,-50.656],[29.91,-19.437],[17.725,-50.656],[0.705,-50.656],[21.652,0],[38.068,0]],"c":true},"ix":2},"nm":"v","mn":"ADBE Vector Shape - Group","hd":false}],"nm":"v","np":3,"cix":2,"bm":0,"ix":1,"mn":"ADBE Vector Group","hd":false}]},"fFamily":"Galano Grotesque"},{"ch":"a","size":100,"style":"Bold","w":64.4,"data":{"shapes":[{"ty":"gr","it":[{"ind":0,"ty":"sh","ix":1,"ks":{"a":0,"k":{"i":[[0,0],[0,0],[0,0],[6.546,0],[0,-15.912],[-13.394,0],[-3.928,3.525],[0,0],[0,0]],"o":[[0,0],[0,0],[-3.928,-3.525],[-13.394,0],[0,16.013],[6.546,0],[0,0],[0,0],[0,0]],"v":[[59.015,-50.555],[42.902,-50.555],[42.902,-46.527],[27.191,-52.066],[2.518,-25.278],[27.191,1.511],[42.902,-4.028],[42.902,0],[59.015,0]],"c":true},"ix":2},"nm":"a","mn":"ADBE Vector Shape - Group","hd":false},{"ind":1,"ty":"sh","ix":2,"ks":{"a":0,"k":{"i":[[6.546,0],[0,7.855],[-7.05,0],[0,-7.755]],"o":[[-7.05,0],[0,-7.755],[6.546,0],[0,7.855]],"v":[[30.515,-12.186],[18.329,-25.278],[30.515,-38.37],[42.902,-25.278]],"c":true},"ix":2},"nm":"a","mn":"ADBE Vector Shape - Group","hd":false}],"nm":"a","np":5,"cix":2,"bm":0,"ix":1,"mn":"ADBE Vector Group","hd":false}]},"fFamily":"Galano Grotesque"},{"ch":"s","size":100,"style":"Bold","w":50.6,"data":{"shapes":[{"ty":"gr","it":[{"ind":0,"ty":"sh","ix":1,"ks":{"a":0,"k":{"i":[[0,0],[-11.884,0],[0,11.179],[9.567,2.014],[0,0],[0,1.41],[-4.33,0],[-0.504,-3.122],[0,0],[12.589,0],[0,-10.373],[-9.366,-1.712],[0,0],[0,-1.712],[4.23,0],[0.705,4.33]],"o":[[1.712,10.373],[13.293,0],[0,-7.452],[0,0],[-3.223,-0.705],[0,-1.813],[4.935,0],[0,0],[-2.014,-8.762],[-12.79,0],[0,7.956],[0,0],[3.726,0.705],[0,2.216],[-4.33,0],[0,0]],"v":[[2.417,-13.193],[26.184,1.511],[49.146,-15.509],[35.147,-30.716],[23.264,-33.133],[19.437,-36.658],[25.177,-40.585],[33.636,-34.644],[48.34,-37.564],[25.378,-52.066],[3.625,-34.946],[18.329,-20.242],[28.601,-18.228],[33.636,-14.502],[27.09,-10.474],[18.127,-16.415]],"c":true},"ix":2},"nm":"s","mn":"ADBE Vector Shape - Group","hd":false}],"nm":"s","np":3,"cix":2,"bm":0,"ix":1,"mn":"ADBE Vector Group","hd":false}]},"fFamily":"Galano Grotesque"},{"ch":".","size":100,"style":"Bold","w":24.6,"data":{"shapes":[{"ty":"gr","it":[{"ind":0,"ty":"sh","ix":1,"ks":{"a":0,"k":{"i":[[5.338,0],[0,-4.834],[-5.338,0],[0,5.136]],"o":[[-5.338,0],[0,5.136],[5.338,0],[0,-4.834]],"v":[[12.387,-17.624],[3.223,-8.56],[12.387,0.504],[21.652,-8.56]],"c":true},"ix":2},"nm":".","mn":"ADBE Vector Shape - Group","hd":false}],"nm":".","np":3,"cix":2,"bm":0,"ix":1,"mn":"ADBE Vector Group","hd":false}]},"fFamily":"Galano Grotesque"},{"ch":"l","size":100,"style":"Bold","w":27.6,"data":{"shapes":[{"ty":"gr","it":[{"ind":0,"ty":"sh","ix":1,"ks":{"a":0,"k":{"i":[[0,0],[0,0],[0,0],[0,0]],"o":[[0,0],[0,0],[0,0],[0,0]],"v":[[21.954,0],[21.954,-72.51],[5.841,-72.51],[5.841,0]],"c":true},"ix":2},"nm":"l","mn":"ADBE Vector Shape - Group","hd":false}],"nm":"l","np":3,"cix":2,"bm":0,"ix":1,"mn":"ADBE Vector Group","hd":false}]},"fFamily":"Galano Grotesque"}],"segments":[{"time":4}]}